Q27,Q28,Q29,Q30,Q31,Q32,Q158,Q159,Q160,Q161,Q162,Q163,Q164,Q277R,Q278R,Q28_rev,Q29_rev,Q30_rev,Q31_rev,traditional_gender_attitudes
3.0,4.0,1.0,4.0,2.0,3.0,10.0,9.0,4.0,8.0,1.0,9.0,9.0,1.0,1.0,1.0,4.0,1.0,3.0,2.25
2.0,2.0,1.0,1.0,1.0,2.0,7.0,3.0,3.0,5.0,8.0,2.0,7.0,,,3.0,4.0,4.0,4.0,3.75
2.0,3.0,4.0,4.0,3.0,1.0,7.0,8.0,7.0,7.0,2.0,6.0,3.0,1.0,1.0,2.0,1.0,1.0,2.0,1.5
2.0,3.0,4.0,4.0,4.0,4.0,7.0,7.0,5.0,5.0,9.0,6.0,1.0,1.0,1.0,2.0,1.0,1.0,1.0,1.25
2.0,1.0,4.0,4.0,4.0,4.0,5.0,3.0,2.0,2.0,1.0,10.0,10.0,2.0,,4.0,1.0,1.0,1.0,1.75
2.0,3.0,4.0,4.0,4.0,1.0,4.0,4.0,4.0,4.0,10.0,5.0,10.0,1.0,1.0,2.0,1.0,1.0,1.0,1.25
3.0,3.0,2.0,2.0,2.0,2.0,5.0,5.0,6.0,1.0,1.0,9.0,9.0,1.0,1.0,2.0,3.0,3.0,3.0,2.75
2.0,4.0,4.0,4.0,4.0,2.0,8.0,8.0,6.0,8.0,8.0,7.0,4.0,1.0,2.0,1.0,1.0,1.0,1.0,1.0
2.0,3.0,3.0,4.0,3.0,3.0,5.0,7.0,4.0,8.0,8.0,6.0,5.0,1.0,3.0,2.0,2.0,1.0,2.0,1.75
2.0,3.0,,3.0,4.0,1.0,7.0,8.0,,9.0,1.0,10.0,10.0,1.0,1.0,2.0,,2.0,1.0,
2.0,4.0,3.0,4.0,4.0,2.0,8.0,9.0,7.0,8.0,8.0,9.0,10.0,1.0,1.0,1.0,2.0,1.0,1.0,1.25
1.0,2.0,3.0,3.0,3.0,2.0,7.0,8.0,7.0,5.0,6.0,8.0,9.0,1.0,3.0,3.0,2.0,2.0,2.0,2.25
1.0,3.0,3.0,1.0,1.0,4.0,8.0,8.0,10.0,6.0,10.0,10.0,10.0,1.0,1.0,2.0,2.0,4.0,4.0,3.0
2.0,2.0,4.0,4.0,4.0,2.0,9.0,9.0,2.0,2.0,9.0,9.0,5.0,,,3.0,1.0,1.0,1.0,1.5
1.0,2.0,1.0,1.0,1.0,2.0,10.0,10.0,4.0,2.0,1.0,9.0,10.0,1.0,1.0,3.0,4.0,4.0,4.0,3.75
2.0,3.0,3.0,3.0,3.0,2.0,9.0,9.0,5.0,2.0,1.0,9.0,3.0,,,2.0,2.0,2.0,2.0,2.0
2.0,4.0,3.0,3.0,2.0,2.0,8.0,9.0,9.0,3.0,9.0,8.0,8.0,1.0,1.0,1.0,2.0,2.0,3.0,2.0
2.0,3.0,4.0,4.0,4.0,2.0,7.0,7.0,6.0,6.0,1.0,8.0,7.0,1.0,1.0,2.0,1.0,1.0,1.0,1.25
2.0,3.0,3.0,4.0,3.0,1.0,8.0,7.0,6.0,6.0,10.0,8.0,2.0,1.0,1.0,2.0,2.0,1.0,2.0,1.75
1.0,3.0,2.0,3.0,2.0,2.0,7.0,7.0,6.0,6.0,7.0,7.0,8.0,1.0,1.0,2.0,3.0,2.0,3.0,2.5
3.0,3.0,3.0,3.0,3.0,2.0,8.0,9.0,8.0,8.0,6.0,8.0,1.0,1.0,1.0,2.0,2.0,2.0,2.0,2.0
1.0,4.0,4.0,4.0,4.0,4.0,10.0,6.0,1.0,2.0,10.0,8.0,10.0,1.0,2.0,1.0,1.0,1.0,1.0,1.0
2.0,3.0,2.0,4.0,2.0,2.0,6.0,5.0,8.0,8.0,7.0,7.0,10.0,1.0,1.0,2.0,3.0,1.0,3.0,2.25
3.0,3.0,4.0,4.0,4.0,2.0,7.0,9.0,9.0,6.0,1.0,8.0,3.0,1.0,1.0,2.0,1.0,1.0,1.0,1.25
2.0,3.0,2.0,4.0,3.0,1.0,8.0,6.0,8.0,3.0,4.0,8.0,2.0,1.0,1.0,2.0,3.0,1.0,2.0,2.0
2.0,2.0,2.0,3.0,3.0,3.0,5.0,4.0,7.0,7.0,3.0,3.0,8.0,1.0,1.0,3.0,3.0,2.0,2.0,2.5
1.0,3.0,3.0,3.0,3.0,1.0,5.0,6.0,5.0,6.0,9.0,6.0,10.0,1.0,1.0,2.0,2.0,2.0,2.0,2.0
2.0,3.0,3.0,3.0,3.0,3.0,10.0,10.0,9.0,3.0,1.0,7.0,10.0,1.0,1.0,2.0,2.0,2.0,2.0,2.0
1.0,2.0,4.0,4.0,4.0,1.0,5.0,6.0,6.0,5.0,8.0,7.0,10.0,1.0,,3.0,1.0,1.0,1.0,1.5
3.0,4.0,4.0,4.0,4.0,1.0,6.0,6.0,6.0,6.0,3.0,7.0,10.0,1.0,,1.0,1.0,1.0,1.0,1.0
2.0,3.0,3.0,3.0,3.0,2.0,4.0,9.0,6.0,6.0,4.0,10.0,6.0,1.0,1.0,2.0,2.0,2.0,2.0,2.0
2.0,3.0,2.0,3.0,3.0,2.0,7.0,7.0,6.0,6.0,9.0,7.0,10.0,1.0,2.0,2.0,3.0,2.0,2.0,2.25
2.0,3.0,3.0,3.0,3.0,3.0,10.0,10.0,4.0,4.0,9.0,10.0,10.0,1.0,1.0,2.0,2.0,2.0,2.0,2.0
1.0,2.0,3.0,3.0,2.0,3.0,8.0,9.0,7.0,6.0,8.0,6.0,10.0,1.0,1.0,3.0,2.0,2.0,3.0,2.5
2.0,3.0,3.0,3.0,3.0,2.0,9.0,9.0,4.0,4.0,2.0,8.0,2.0,1.0,1.0,2.0,2.0,2.0,2.0,2.0
2.0,3.0,3.0,4.0,3.0,1.0,9.0,9.0,9.0,9.0,6.0,4.0,10.0,1.0,1.0,2.0,2.0,1.0,2.0,1.75
2.0,3.0,2.0,3.0,2.0,2.0,8.0,8.0,6.0,5.0,5.0,9.0,1.0,1.0,1.0,2.0,3.0,2.0,3.0,2.5
2.0,2.0,2.0,4.0,2.0,3.0,5.0,5.0,3.0,3.0,3.0,8.0,10.0,1.0,1.0,3.0,3.0,1.0,3.0,2.5
1.0,2.0,3.0,4.0,3.0,2.0,8.0,8.0,3.0,3.0,4.0,9.0,10.0,3.0,3.0,3.0,2.0,1.0,2.0,2.0
1.0,3.0,2.0,4.0,3.0,1.0,10.0,10.0,1.0,1.0,3.0,10.0,5.0,1.0,1.0,2.0,3.0,1.0,2.0,2.0
3.0,3.0,3.0,3.0,3.0,2.0,8.0,8.0,3.0,3.0,8.0,8.0,1.0,1.0,1.0,2.0,2.0,2.0,2.0,2.0
2.0,2.0,1.0,1.0,1.0,2.0,9.0,9.0,8.0,4.0,2.0,8.0,8.0,,,3.0,4.0,4.0,4.0,3.75
2.0,4.0,3.0,3.0,3.0,2.0,2.0,7.0,3.0,2.0,1.0,7.0,2.0,1.0,1.0,1.0,2.0,2.0,2.0,1.75
2.0,3.0,3.0,3.0,3.0,2.0,8.0,8.0,7.0,7.0,4.0,8.0,5.0,1.0,1.0,2.0,2.0,2.0,2.0,2.0
2.0,3.0,3.0,3.0,3.0,2.0,8.0,8.0,5.0,4.0,1.0,5.0,10.0,1.0,1.0,2.0,2.0,2.0,2.0,2.0
2.0,3.0,3.0,3.0,3.0,3.0,5.0,5.0,5.0,5.0,5.0,6.0,2.0,2.0,3.0,2.0,2.0,2.0,2.0,2.0
2.0,3.0,3.0,3.0,3.0,2.0,7.0,7.0,6.0,6.0,8.0,5.0,5.0,1.0,,2.0,2.0,2.0,2.0,2.0
3.0,1.0,4.0,4.0,4.0,3.0,6.0,5.0,7.0,3.0,6.0,7.0,5.0,1.0,1.0,4.0,1.0,1.0,1.0,1.75
2.0,2.0,1.0,2.0,1.0,2.0,7.0,7.0,6.0,5.0,7.0,6.0,6.0,,,3.0,4.0,3.0,4.0,3.5
3.0,3.0,2.0,3.0,2.0,3.0,4.0,4.0,6.0,6.0,5.0,8.0,5.0,1.0,,2.0,3.0,2.0,3.0,2.5
4.0,2.0,2.0,2.0,2.0,4.0,3.0,3.0,3.0,1.0,1.0,6.0,10.0,1.0,1.0,3.0,3.0,3.0,3.0,3.0
2.0,4.0,3.0,3.0,3.0,2.0,8.0,8.0,5.0,6.0,8.0,8.0,10.0,3.0,3.0,1.0,2.0,2.0,2.0,1.75
2.0,3.0,2.0,3.0,3.0,2.0,8.0,6.0,6.0,8.0,8.0,5.0,1.0,1.0,2.0,2.0,3.0,2.0,2.0,2.25
2.0,3.0,2.0,2.0,3.0,2.0,6.0,6.0,7.0,6.0,4.0,9.0,9.0,1.0,,2.0,3.0,3.0,2.0,2.5
3.0,2.0,3.0,3.0,3.0,3.0,6.0,7.0,7.0,5.0,9.0,10.0,1.0,2.0,3.0,3.0,2.0,2.0,2.0,2.25
2.0,3.0,3.0,3.0,3.0,2.0,8.0,8.0,8.0,8.0,9.0,8.0,10.0,1.0,1.0,2.0,2.0,2.0,2.0,2.0
2.0,3.0,3.0,3.0,3.0,2.0,8.0,8.0,5.0,5.0,7.0,7.0,10.0,1.0,1.0,2.0,2.0,2.0,2.0,2.0
2.0,3.0,3.0,3.0,3.0,3.0,5.0,6.0,2.0,5.0,8.0,5.0,7.0,1.0,1.0,2.0,2.0,2.0,2.0,2.0
1.0,2.0,2.0,3.0,3.0,2.0,7.0,5.0,4.0,4.0,9.0,3.0,10.0,3.0,3.0,3.0,3.0,2.0,2.0,2.5
1.0,2.0,2.0,2.0,3.0,2.0,9.0,9.0,5.0,6.0,3.0,8.0,10.0,1.0,1.0,3.0,3.0,3.0,2.0,2.75
2.0,3.0,3.0,3.0,3.0,2.0,7.0,7.0,2.0,4.0,7.0,8.0,5.0,1.0,1.0,2.0,2.0,2.0,2.0,2.0
2.0,2.0,2.0,3.0,3.0,2.0,8.0,8.0,1.0,3.0,8.0,8.0,10.0,2.0,1.0,3.0,3.0,2.0,2.0,2.5
1.0,4.0,3.0,3.0,3.0,3.0,8.0,6.0,10.0,10.0,9.0,6.0,6.0,2.0,2.0,1.0,2.0,2.0,2.0,1.75
2.0,3.0,2.0,3.0,2.0,2.0,8.0,8.0,5.0,5.0,8.0,8.0,8.0,1.0,1.0,2.0,3.0,2.0,3.0,2.5
3.0,3.0,3.0,4.0,4.0,2.0,8.0,6.0,8.0,10.0,10.0,4.0,1.0,2.0,2.0,2.0,2.0,1.0,1.0,1.5
2.0,2.0,3.0,3.0,2.0,2.0,8.0,8.0,7.0,7.0,7.0,7.0,1.0,1.0,1.0,3.0,2.0,2.0,3.0,2.5
2.0,3.0,3.0,3.0,3.0,2.0,4.0,5.0,4.0,8.0,5.0,6.0,7.0,3.0,2.0,2.0,2.0,2.0,2.0,2.0
3.0,3.0,3.0,3.0,3.0,2.0,5.0,5.0,6.0,6.0,6.0,3.0,5.0,1.0,1.0,2.0,2.0,2.0,2.0,2.0
2.0,2.0,3.0,3.0,2.0,2.0,7.0,7.0,6.0,5.0,7.0,6.0,7.0,1.0,1.0,3.0,2.0,2.0,3.0,2.5
3.0,3.0,2.0,3.0,2.0,2.0,6.0,3.0,10.0,10.0,10.0,2.0,1.0,3.0,3.0,2.0,3.0,2.0,3.0,2.5
1.0,2.0,3.0,4.0,4.0,2.0,10.0,10.0,2.0,9.0,8.0,9.0,5.0,1.0,2.0,3.0,2.0,1.0,1.0,1.75
2.0,3.0,2.0,3.0,3.0,2.0,9.0,9.0,6.0,6.0,7.0,8.0,10.0,1.0,2.0,2.0,3.0,2.0,2.0,2.25
1.0,3.0,3.0,3.0,3.0,3.0,8.0,8.0,4.0,3.0,10.0,8.0,1.0,1.0,1.0,2.0,2.0,2.0,2.0,2.0
3.0,3.0,3.0,4.0,3.0,1.0,9.0,8.0,4.0,5.0,8.0,8.0,10.0,1.0,1.0,2.0,2.0,1.0,2.0,1.75
2.0,3.0,3.0,4.0,4.0,3.0,8.0,8.0,6.0,1.0,8.0,1.0,10.0,2.0,2.0,2.0,2.0,1.0,1.0,1.5
3.0,2.0,3.0,3.0,3.0,2.0,4.0,4.0,4.0,4.0,7.0,5.0,8.0,1.0,1.0,3.0,2.0,2.0,2.0,2.25
2.0,3.0,3.0,4.0,3.0,3.0,4.0,7.0,8.0,2.0,9.0,3.0,3.0,1.0,1.0,2.0,2.0,1.0,2.0,1.75
2.0,3.0,3.0,3.0,3.0,2.0,8.0,8.0,7.0,6.0,8.0,7.0,6.0,2.0,3.0,2.0,2.0,2.0,2.0,2.0
2.0,3.0,2.0,3.0,3.0,2.0,7.0,8.0,7.0,5.0,8.0,8.0,10.0,1.0,1.0,2.0,3.0,2.0,2.0,2.25
3.0,2.0,3.0,3.0,2.0,2.0,7.0,8.0,4.0,5.0,8.0,3.0,10.0,1.0,1.0,3.0,2.0,2.0,3.0,2.5
2.0,3.0,3.0,3.0,2.0,2.0,7.0,7.0,5.0,5.0,6.0,5.0,6.0,1.0,1.0,2.0,2.0,2.0,3.0,2.25
2.0,3.0,3.0,4.0,2.0,1.0,8.0,8.0,5.0,4.0,7.0,8.0,8.0,1.0,1.0,2.0,2.0,1.0,3.0,2.0
1.0,3.0,3.0,3.0,3.0,3.0,7.0,7.0,3.0,6.0,7.0,5.0,5.0,1.0,1.0,2.0,2.0,2.0,2.0,2.0
2.0,3.0,3.0,3.0,3.0,1.0,8.0,8.0,4.0,6.0,4.0,4.0,8.0,3.0,3.0,2.0,2.0,2.0,2.0,2.0
1.0,2.0,3.0,3.0,3.0,3.0,8.0,8.0,1.0,10.0,6.0,7.0,1.0,1.0,1.0,3.0,2.0,2.0,2.0,2.25
2.0,4.0,4.0,4.0,4.0,4.0,9.0,9.0,6.0,8.0,10.0,7.0,5.0,3.0,3.0,1.0,1.0,1.0,1.0,1.0
4.0,3.0,3.0,4.0,3.0,3.0,10.0,10.0,8.0,6.0,10.0,9.0,8.0,1.0,1.0,2.0,2.0,1.0,2.0,1.75
1.0,3.0,3.0,4.0,3.0,4.0,8.0,10.0,9.0,9.0,10.0,8.0,2.0,3.0,3.0,2.0,2.0,1.0,2.0,1.75
1.0,4.0,2.0,4.0,3.0,2.0,7.0,5.0,3.0,5.0,7.0,4.0,9.0,1.0,1.0,1.0,3.0,1.0,2.0,1.75
2.0,3.0,3.0,3.0,3.0,2.0,8.0,8.0,8.0,7.0,7.0,8.0,8.0,2.0,2.0,2.0,2.0,2.0,2.0,2.0
2.0,3.0,3.0,3.0,3.0,1.0,10.0,10.0,4.0,3.0,4.0,10.0,10.0,3.0,3.0,2.0,2.0,2.0,2.0,2.0
2.0,3.0,2.0,3.0,2.0,2.0,9.0,6.0,4.0,5.0,7.0,6.0,10.0,1.0,2.0,2.0,3.0,2.0,3.0,2.5
2.0,3.0,3.0,3.0,3.0,2.0,8.0,6.0,10.0,10.0,10.0,7.0,1.0,3.0,3.0,2.0,2.0,2.0,2.0,2.0
3.0,3.0,2.0,3.0,3.0,2.0,10.0,10.0,5.0,8.0,5.0,7.0,4.0,1.0,1.0,2.0,3.0,2.0,2.0,2.25
1.0,2.0,2.0,3.0,2.0,2.0,8.0,7.0,8.0,6.0,9.0,9.0,10.0,2.0,1.0,3.0,3.0,2.0,3.0,2.75
3.0,2.0,3.0,3.0,3.0,2.0,2.0,3.0,2.0,2.0,7.0,10.0,10.0,1.0,1.0,3.0,2.0,2.0,2.0,2.25
1.0,2.0,3.0,3.0,3.0,2.0,9.0,9.0,6.0,5.0,5.0,9.0,10.0,2.0,2.0,3.0,2.0,2.0,2.0,2.25
1.0,3.0,3.0,4.0,4.0,2.0,7.0,7.0,5.0,5.0,7.0,8.0,7.0,2.0,3.0,2.0,2.0,1.0,1.0,1.5
1.0,2.0,2.0,2.0,2.0,2.0,8.0,8.0,3.0,8.0,8.0,8.0,7.0,1.0,1.0,3.0,3.0,3.0,3.0,3.0
1.0,2.0,2.0,2.0,2.0,2.0,8.0,8.0,5.0,5.0,6.0,8.0,7.0,1.0,,3.0,3.0,3.0,3.0,3.0
3.0,3.0,3.0,3.0,3.0,2.0,9.0,9.0,7.0,3.0,7.0,9.0,1.0,1.0,1.0,2.0,2.0,2.0,2.0,2.0
1.0,2.0,3.0,3.0,2.0,3.0,10.0,10.0,1.0,4.0,8.0,8.0,6.0,1.0,1.0,3.0,2.0,2.0,3.0,2.5
2.0,3.0,3.0,3.0,3.0,2.0,10.0,9.0,3.0,10.0,10.0,6.0,5.0,1.0,1.0,2.0,2.0,2.0,2.0,2.0
2.0,3.0,3.0,3.0,3.0,2.0,5.0,7.0,6.0,3.0,10.0,6.0,10.0,1.0,1.0,2.0,2.0,2.0,2.0,2.0
1.0,3.0,4.0,4.0,4.0,1.0,10.0,10.0,10.0,6.0,7.0,5.0,1.0,1.0,1.0,2.0,1.0,1.0,1.0,1.25
1.0,2.0,3.0,3.0,3.0,3.0,8.0,7.0,6.0,8.0,8.0,6.0,10.0,1.0,1.0,3.0,2.0,2.0,2.0,2.25
3.0,3.0,4.0,4.0,4.0,3.0,8.0,10.0,3.0,6.0,9.0,7.0,3.0,3.0,3.0,2.0,1.0,1.0,1.0,1.25
2.0,3.0,3.0,3.0,3.0,2.0,8.0,6.0,4.0,8.0,6.0,9.0,5.0,1.0,1.0,2.0,2.0,2.0,2.0,2.0
2.0,4.0,4.0,4.0,4.0,2.0,8.0,8.0,8.0,6.0,8.0,7.0,1.0,3.0,3.0,1.0,1.0,1.0,1.0,1.0
2.0,3.0,,4.0,,2.0,8.0,4.0,,9.0,9.0,7.0,10.0,3.0,3.0,2.0,,1.0,,
2.0,3.0,4.0,4.0,4.0,2.0,7.0,8.0,4.0,5.0,7.0,8.0,10.0,3.0,3.0,2.0,1.0,1.0,1.0,1.25
2.0,3.0,3.0,3.0,3.0,,7.0,4.0,5.0,5.0,8.0,4.0,9.0,3.0,3.0,2.0,2.0,2.0,2.0,2.0
2.0,3.0,3.0,4.0,3.0,3.0,8.0,8.0,3.0,6.0,8.0,8.0,10.0,1.0,1.0,2.0,2.0,1.0,2.0,1.75
1.0,4.0,4.0,4.0,4.0,1.0,5.0,5.0,6.0,6.0,6.0,5.0,5.0,2.0,3.0,1.0,1.0,1.0,1.0,1.0
2.0,3.0,2.0,4.0,2.0,1.0,7.0,7.0,5.0,6.0,8.0,6.0,10.0,2.0,2.0,2.0,3.0,1.0,3.0,2.25
2.0,2.0,3.0,3.0,2.0,3.0,7.0,8.0,6.0,3.0,7.0,5.0,10.0,1.0,1.0,3.0,2.0,2.0,3.0,2.5
1.0,3.0,2.0,3.0,3.0,2.0,8.0,9.0,3.0,6.0,9.0,8.0,8.0,1.0,1.0,2.0,3.0,2.0,2.0,2.25
3.0,3.0,4.0,3.0,4.0,2.0,8.0,7.0,6.0,9.0,10.0,10.0,1.0,1.0,1.0,2.0,1.0,2.0,1.0,1.5
4.0,3.0,3.0,3.0,3.0,3.0,8.0,8.0,8.0,9.0,3.0,7.0,10.0,,,2.0,2.0,2.0,2.0,2.0
2.0,3.0,3.0,3.0,2.0,3.0,6.0,5.0,5.0,5.0,6.0,6.0,8.0,1.0,1.0,2.0,2.0,2.0,3.0,2.25
2.0,2.0,3.0,3.0,3.0,2.0,10.0,1.0,1.0,6.0,10.0,10.0,5.0,1.0,1.0,3.0,2.0,2.0,2.0,2.25
2.0,2.0,3.0,3.0,3.0,1.0,2.0,2.0,5.0,5.0,9.0,9.0,8.0,2.0,2.0,3.0,2.0,2.0,2.0,2.25
2.0,2.0,3.0,4.0,3.0,1.0,9.0,9.0,2.0,3.0,9.0,8.0,10.0,1.0,1.0,3.0,2.0,1.0,2.0,2.0
1.0,1.0,3.0,1.0,1.0,1.0,3.0,6.0,5.0,9.0,6.0,5.0,7.0,3.0,3.0,4.0,2.0,4.0,4.0,3.5
1.0,3.0,3.0,3.0,3.0,2.0,8.0,7.0,7.0,5.0,8.0,6.0,5.0,3.0,3.0,2.0,2.0,2.0,2.0,2.0
2.0,2.0,3.0,4.0,3.0,3.0,8.0,7.0,10.0,10.0,10.0,7.0,1.0,3.0,3.0,3.0,2.0,1.0,2.0,2.0
2.0,2.0,3.0,4.0,3.0,2.0,7.0,7.0,4.0,5.0,6.0,5.0,10.0,3.0,3.0,3.0,2.0,1.0,2.0,2.0
3.0,2.0,2.0,3.0,2.0,2.0,8.0,7.0,3.0,3.0,7.0,5.0,10.0,1.0,1.0,3.0,3.0,2.0,3.0,2.75
1.0,3.0,3.0,4.0,2.0,3.0,8.0,4.0,5.0,6.0,9.0,5.0,8.0,3.0,3.0,2.0,2.0,1.0,3.0,2.0
2.0,2.0,2.0,2.0,2.0,1.0,9.0,4.0,4.0,7.0,7.0,4.0,10.0,1.0,1.0,3.0,3.0,3.0,3.0,3.0
2.0,3.0,3.0,4.0,3.0,2.0,8.0,8.0,6.0,3.0,10.0,3.0,6.0,2.0,3.0,2.0,2.0,1.0,2.0,1.75
1.0,3.0,2.0,3.0,3.0,3.0,8.0,8.0,3.0,5.0,10.0,8.0,10.0,1.0,1.0,2.0,3.0,2.0,2.0,2.25
2.0,3.0,4.0,4.0,3.0,1.0,6.0,7.0,4.0,5.0,8.0,7.0,10.0,1.0,1.0,2.0,1.0,1.0,2.0,1.5
3.0,3.0,4.0,4.0,4.0,1.0,10.0,10.0,10.0,10.0,10.0,1.0,1.0,2.0,3.0,2.0,1.0,1.0,1.0,1.25
2.0,3.0,2.0,1.0,2.0,4.0,7.0,1.0,6.0,3.0,10.0,6.0,2.0,2.0,3.0,2.0,3.0,4.0,3.0,3.0
,3.0,3.0,4.0,4.0,2.0,8.0,9.0,3.0,8.0,9.0,4.0,10.0,1.0,2.0,2.0,2.0,1.0,1.0,1.5
3.0,4.0,4.0,4.0,4.0,3.0,8.0,7.0,7.0,9.0,10.0,5.0,7.0,,,1.0,1.0,1.0,1.0,1.0
3.0,4.0,4.0,4.0,4.0,4.0,7.0,7.0,10.0,10.0,9.0,1.0,1.0,2.0,3.0,1.0,1.0,1.0,1.0,1.0
2.0,3.0,3.0,4.0,4.0,3.0,8.0,8.0,10.0,6.0,8.0,6.0,1.0,3.0,3.0,2.0,2.0,1.0,1.0,1.5
2.0,4.0,4.0,4.0,4.0,2.0,7.0,8.0,7.0,6.0,7.0,7.0,1.0,2.0,2.0,1.0,1.0,1.0,1.0,1.0
1.0,4.0,4.0,4.0,4.0,1.0,10.0,10.0,7.0,10.0,10.0,7.0,10.0,2.0,3.0,1.0,1.0,1.0,1.0,1.0
3.0,4.0,3.0,4.0,3.0,1.0,6.0,8.0,1.0,3.0,9.0,4.0,10.0,3.0,3.0,1.0,2.0,1.0,2.0,1.5
,3.0,3.0,3.0,3.0,3.0,8.0,8.0,8.0,5.0,9.0,7.0,6.0,,2.0,2.0,2.0,2.0,2.0,2.0
1.0,1.0,4.0,4.0,4.0,1.0,10.0,10.0,10.0,1.0,1.0,1.0,10.0,1.0,1.0,4.0,1.0,1.0,1.0,1.75
3.0,2.0,4.0,4.0,4.0,2.0,5.0,6.0,6.0,5.0,7.0,6.0,1.0,1.0,1.0,3.0,1.0,1.0,1.0,1.5
1.0,1.0,3.0,3.0,3.0,3.0,5.0,1.0,10.0,10.0,6.0,10.0,10.0,1.0,2.0,4.0,2.0,2.0,2.0,2.5
2.0,1.0,3.0,3.0,3.0,1.0,10.0,10.0,2.0,3.0,1.0,10.0,4.0,1.0,1.0,4.0,2.0,2.0,2.0,2.5
1.0,3.0,2.0,3.0,2.0,3.0,9.0,8.0,3.0,2.0,8.0,5.0,6.0,1.0,1.0,2.0,3.0,2.0,3.0,2.5
3.0,3.0,4.0,4.0,4.0,1.0,8.0,8.0,3.0,6.0,8.0,2.0,10.0,2.0,3.0,2.0,1.0,1.0,1.0,1.25
3.0,3.0,3.0,2.0,3.0,2.0,10.0,10.0,6.0,6.0,8.0,10.0,5.0,1.0,1.0,2.0,2.0,3.0,2.0,2.25
2.0,3.0,4.0,3.0,3.0,1.0,10.0,10.0,4.0,,4.0,8.0,10.0,1.0,,2.0,1.0,2.0,2.0,1.75
3.0,3.0,3.0,4.0,3.0,3.0,1.0,8.0,6.0,4.0,10.0,2.0,1.0,1.0,2.0,2.0,2.0,1.0,2.0,1.75
2.0,1.0,1.0,4.0,1.0,4.0,6.0,7.0,6.0,4.0,3.0,8.0,1.0,1.0,,4.0,4.0,1.0,4.0,3.25
2.0,3.0,3.0,3.0,3.0,2.0,7.0,7.0,4.0,4.0,10.0,8.0,10.0,2.0,2.0,2.0,2.0,2.0,2.0,2.0
1.0,4.0,4.0,4.0,4.0,2.0,8.0,6.0,3.0,8.0,9.0,3.0,3.0,3.0,3.0,1.0,1.0,1.0,1.0,1.0
2.0,3.0,3.0,4.0,4.0,,8.0,8.0,9.0,9.0,9.0,9.0,8.0,1.0,2.0,2.0,2.0,1.0,1.0,1.5
1.0,4.0,1.0,2.0,1.0,3.0,9.0,8.0,6.0,6.0,10.0,2.0,3.0,1.0,1.0,1.0,4.0,3.0,4.0,3.0
2.0,3.0,3.0,3.0,3.0,3.0,5.0,5.0,6.0,6.0,6.0,5.0,5.0,1.0,1.0,2.0,2.0,2.0,2.0,2.0
1.0,1.0,1.0,4.0,3.0,4.0,5.0,5.0,6.0,6.0,6.0,5.0,5.0,1.0,1.0,4.0,4.0,1.0,2.0,2.75
2.0,2.0,3.0,3.0,4.0,3.0,7.0,8.0,5.0,4.0,10.0,7.0,10.0,1.0,1.0,3.0,2.0,2.0,1.0,2.0
1.0,2.0,3.0,4.0,4.0,1.0,5.0,6.0,6.0,4.0,10.0,7.0,10.0,1.0,1.0,3.0,2.0,1.0,1.0,1.75
2.0,2.0,4.0,4.0,4.0,4.0,7.0,7.0,5.0,5.0,7.0,4.0,5.0,1.0,1.0,3.0,1.0,1.0,1.0,1.5
2.0,3.0,3.0,4.0,4.0,1.0,10.0,10.0,10.0,10.0,8.0,7.0,1.0,2.0,1.0,2.0,2.0,1.0,1.0,1.5
2.0,3.0,4.0,4.0,4.0,1.0,5.0,8.0,3.0,3.0,9.0,8.0,10.0,1.0,1.0,2.0,1.0,1.0,1.0,1.25
3.0,3.0,3.0,3.0,3.0,3.0,7.0,4.0,6.0,6.0,6.0,5.0,5.0,2.0,1.0,2.0,2.0,2.0,2.0,2.0
1.0,3.0,3.0,3.0,3.0,2.0,9.0,8.0,4.0,7.0,6.0,6.0,4.0,1.0,1.0,2.0,2.0,2.0,2.0,2.0
2.0,2.0,3.0,3.0,3.0,3.0,8.0,8.0,8.0,9.0,10.0,5.0,1.0,3.0,3.0,3.0,2.0,2.0,2.0,2.25
3.0,3.0,4.0,4.0,4.0,2.0,10.0,10.0,10.0,10.0,10.0,10.0,10.0,,,2.0,1.0,1.0,1.0,1.25
3.0,2.0,3.0,3.0,3.0,2.0,8.0,8.0,4.0,5.0,3.0,8.0,8.0,1.0,1.0,3.0,2.0,2.0,2.0,2.25
2.0,3.0,3.0,3.0,3.0,3.0,10.0,10.0,10.0,10.0,10.0,7.0,1.0,3.0,2.0,2.0,2.0,2.0,2.0,2.0
2.0,3.0,3.0,3.0,3.0,3.0,7.0,8.0,3.0,5.0,8.0,8.0,6.0,1.0,1.0,2.0,2.0,2.0,2.0,2.0
2.0,4.0,4.0,4.0,4.0,3.0,7.0,8.0,3.0,6.0,9.0,5.0,7.0,1.0,2.0,1.0,1.0,1.0,1.0,1.0
1.0,2.0,3.0,3.0,3.0,2.0,9.0,9.0,4.0,4.0,4.0,7.0,8.0,1.0,1.0,3.0,2.0,2.0,2.0,2.25
1.0,3.0,2.0,3.0,3.0,3.0,10.0,10.0,1.0,10.0,10.0,10.0,10.0,1.0,2.0,2.0,3.0,2.0,2.0,2.25
3.0,3.0,3.0,4.0,4.0,2.0,8.0,8.0,7.0,9.0,10.0,8.0,8.0,2.0,2.0,2.0,2.0,1.0,1.0,1.5
1.0,3.0,4.0,4.0,4.0,4.0,10.0,10.0,8.0,7.0,8.0,6.0,5.0,1.0,2.0,2.0,1.0,1.0,1.0,1.25
2.0,3.0,4.0,4.0,4.0,1.0,8.0,9.0,2.0,1.0,10.0,8.0,10.0,1.0,1.0,2.0,1.0,1.0,1.0,1.25
1.0,2.0,1.0,2.0,2.0,2.0,6.0,8.0,4.0,5.0,5.0,5.0,4.0,1.0,1.0,3.0,4.0,3.0,3.0,3.25
2.0,2.0,3.0,3.0,3.0,2.0,7.0,7.0,6.0,6.0,5.0,8.0,7.0,1.0,1.0,3.0,2.0,2.0,2.0,2.25
1.0,3.0,2.0,4.0,3.0,3.0,10.0,10.0,10.0,10.0,8.0,2.0,1.0,1.0,1.0,2.0,3.0,1.0,2.0,2.0
1.0,2.0,4.0,4.0,4.0,2.0,7.0,8.0,8.0,8.0,10.0,8.0,10.0,1.0,1.0,3.0,1.0,1.0,1.0,1.5
2.0,3.0,3.0,4.0,3.0,2.0,7.0,7.0,4.0,5.0,8.0,6.0,10.0,1.0,1.0,2.0,2.0,1.0,2.0,1.75
2.0,3.0,3.0,4.0,3.0,4.0,9.0,8.0,3.0,1.0,9.0,3.0,7.0,1.0,1.0,2.0,2.0,1.0,2.0,1.75
1.0,2.0,3.0,3.0,3.0,3.0,6.0,5.0,6.0,7.0,4.0,5.0,7.0,2.0,2.0,3.0,2.0,2.0,2.0,2.25
1.0,4.0,4.0,4.0,4.0,1.0,5.0,5.0,6.0,6.0,6.0,5.0,5.0,1.0,1.0,1.0,1.0,1.0,1.0,1.0
2.0,4.0,3.0,3.0,4.0,2.0,7.0,8.0,6.0,6.0,7.0,3.0,6.0,3.0,3.0,1.0,2.0,2.0,1.0,1.5
1.0,2.0,1.0,4.0,1.0,1.0,10.0,10.0,8.0,1.0,10.0,10.0,8.0,1.0,1.0,3.0,4.0,1.0,4.0,3.0
1.0,2.0,3.0,4.0,3.0,1.0,10.0,10.0,10.0,10.0,10.0,1.0,10.0,1.0,1.0,3.0,2.0,1.0,2.0,2.0
2.0,4.0,3.0,4.0,3.0,2.0,6.0,7.0,10.0,6.0,10.0,9.0,1.0,1.0,1.0,1.0,2.0,1.0,2.0,1.5
2.0,3.0,3.0,3.0,3.0,3.0,5.0,5.0,6.0,6.0,6.0,5.0,5.0,1.0,1.0,2.0,2.0,2.0,2.0,2.0
1.0,3.0,3.0,3.0,3.0,2.0,8.0,7.0,3.0,4.0,5.0,5.0,8.0,1.0,2.0,2.0,2.0,2.0,2.0,2.0
2.0,3.0,4.0,4.0,4.0,3.0,9.0,7.0,8.0,6.0,9.0,5.0,1.0,3.0,2.0,2.0,1.0,1.0,1.0,1.25
2.0,3.0,2.0,3.0,3.0,1.0,10.0,6.0,5.0,5.0,10.0,6.0,10.0,1.0,1.0,2.0,3.0,2.0,2.0,2.25
2.0,2.0,3.0,3.0,3.0,3.0,8.0,8.0,3.0,2.0,3.0,8.0,10.0,1.0,,3.0,2.0,2.0,2.0,2.25
3.0,3.0,3.0,4.0,2.0,1.0,7.0,7.0,4.0,3.0,8.0,3.0,4.0,1.0,1.0,2.0,2.0,1.0,3.0,2.0
2.0,4.0,,3.0,4.0,3.0,7.0,7.0,4.0,6.0,6.0,8.0,5.0,1.0,1.0,1.0,,2.0,1.0,
1.0,4.0,2.0,4.0,2.0,2.0,6.0,6.0,5.0,5.0,5.0,5.0,9.0,1.0,1.0,1.0,3.0,1.0,3.0,2.0
1.0,2.0,3.0,3.0,3.0,4.0,7.0,7.0,3.0,2.0,10.0,5.0,10.0,2.0,3.0,3.0,2.0,2.0,2.0,2.25
1.0,3.0,3.0,3.0,3.0,2.0,7.0,9.0,4.0,5.0,6.0,7.0,10.0,1.0,1.0,2.0,2.0,2.0,2.0,2.0
2.0,4.0,4.0,4.0,4.0,2.0,10.0,9.0,10.0,10.0,9.0,10.0,1.0,2.0,2.0,1.0,1.0,1.0,1.0,1.0
1.0,4.0,4.0,4.0,4.0,1.0,5.0,5.0,6.0,6.0,1.0,7.0,10.0,2.0,2.0,1.0,1.0,1.0,1.0,1.0
3.0,3.0,3.0,3.0,3.0,2.0,9.0,9.0,6.0,8.0,10.0,6.0,8.0,2.0,2.0,2.0,2.0,2.0,2.0,2.0
2.0,3.0,3.0,2.0,3.0,2.0,5.0,5.0,6.0,6.0,6.0,7.0,5.0,2.0,2.0,2.0,2.0,3.0,2.0,2.25
1.0,3.0,2.0,4.0,3.0,1.0,8.0,8.0,4.0,4.0,6.0,8.0,10.0,1.0,1.0,2.0,3.0,1.0,2.0,2.0
2.0,2.0,2.0,2.0,2.0,2.0,5.0,5.0,6.0,6.0,6.0,5.0,5.0,1.0,1.0,3.0,3.0,3.0,3.0,3.0
2.0,3.0,2.0,3.0,2.0,2.0,5.0,8.0,1.0,9.0,4.0,9.0,1.0,1.0,1.0,2.0,3.0,2.0,3.0,2.5
3.0,3.0,3.0,3.0,3.0,2.0,7.0,6.0,6.0,4.0,9.0,6.0,6.0,1.0,1.0,2.0,2.0,2.0,2.0,2.0
2.0,2.0,2.0,4.0,3.0,2.0,3.0,3.0,3.0,6.0,6.0,1.0,6.0,1.0,1.0,3.0,3.0,1.0,2.0,2.25
2.0,2.0,3.0,3.0,2.0,2.0,6.0,6.0,5.0,7.0,4.0,4.0,6.0,1.0,2.0,3.0,2.0,2.0,3.0,2.5
2.0,3.0,3.0,2.0,2.0,2.0,6.0,6.0,5.0,6.0,5.0,6.0,6.0,1.0,1.0,2.0,2.0,3.0,3.0,2.5
2.0,3.0,3.0,3.0,3.0,4.0,9.0,9.0,2.0,2.0,7.0,8.0,1.0,1.0,3.0,2.0,2.0,2.0,2.0,2.0
2.0,3.0,3.0,3.0,3.0,2.0,5.0,10.0,6.0,6.0,6.0,10.0,6.0,,1.0,2.0,2.0,2.0,2.0,2.0
2.0,2.0,3.0,3.0,3.0,2.0,8.0,8.0,3.0,6.0,6.0,8.0,7.0,1.0,1.0,3.0,2.0,2.0,2.0,2.25
2.0,3.0,3.0,3.0,3.0,1.0,8.0,8.0,3.0,7.0,8.0,1.0,1.0,1.0,1.0,2.0,2.0,2.0,2.0,2.0
2.0,3.0,3.0,4.0,4.0,2.0,8.0,8.0,8.0,3.0,1.0,9.0,3.0,3.0,1.0,2.0,2.0,1.0,1.0,1.5
2.0,3.0,3.0,3.0,3.0,3.0,6.0,6.0,5.0,5.0,8.0,5.0,5.0,1.0,1.0,2.0,2.0,2.0,2.0,2.0
2.0,3.0,3.0,3.0,3.0,3.0,3.0,3.0,8.0,8.0,8.0,3.0,2.0,,,2.0,2.0,2.0,2.0,2.0
2.0,2.0,3.0,3.0,3.0,3.0,8.0,6.0,9.0,9.0,4.0,7.0,2.0,2.0,3.0,3.0,2.0,2.0,2.0,2.25
2.0,1.0,2.0,1.0,2.0,1.0,3.0,1.0,9.0,8.0,10.0,3.0,10.0,1.0,1.0,4.0,3.0,4.0,3.0,3.5
2.0,3.0,3.0,3.0,3.0,1.0,3.0,10.0,2.0,10.0,9.0,8.0,6.0,1.0,1.0,2.0,2.0,2.0,2.0,2.0
1.0,1.0,4.0,4.0,4.0,3.0,,,,,,,7.0,1.0,1.0,4.0,1.0,1.0,1.0,1.75
1.0,4.0,3.0,4.0,4.0,3.0,5.0,8.0,4.0,4.0,7.0,7.0,6.0,3.0,3.0,1.0,2.0,1.0,1.0,1.25
2.0,4.0,3.0,3.0,3.0,3.0,5.0,7.0,7.0,7.0,7.0,5.0,8.0,1.0,1.0,1.0,2.0,2.0,2.0,1.75
1.0,4.0,4.0,4.0,4.0,4.0,10.0,9.0,6.0,6.0,10.0,8.0,10.0,,,1.0,1.0,1.0,1.0,1.0
2.0,3.0,3.0,3.0,3.0,2.0,10.0,10.0,4.0,9.0,10.0,10.0,3.0,3.0,3.0,2.0,2.0,2.0,2.0,2.0
1.0,1.0,3.0,2.0,3.0,2.0,10.0,10.0,1.0,6.0,8.0,10.0,8.0,1.0,1.0,4.0,2.0,3.0,2.0,2.75
3.0,3.0,3.0,3.0,3.0,2.0,9.0,9.0,6.0,9.0,9.0,9.0,7.0,1.0,1.0,2.0,2.0,2.0,2.0,2.0
1.0,2.0,3.0,4.0,3.0,2.0,5.0,4.0,4.0,3.0,8.0,5.0,10.0,2.0,3.0,3.0,2.0,1.0,2.0,2.0
2.0,4.0,4.0,,,,10.0,10.0,1.0,1.0,1.0,10.0,10.0,1.0,1.0,1.0,1.0,,,
2.0,3.0,3.0,3.0,3.0,2.0,8.0,8.0,8.0,8.0,8.0,7.0,5.0,1.0,1.0,2.0,2.0,2.0,2.0,2.0
2.0,3.0,3.0,4.0,3.0,3.0,8.0,8.0,5.0,5.0,7.0,7.0,9.0,,,2.0,2.0,1.0,2.0,1.75
2.0,3.0,3.0,4.0,4.0,3.0,8.0,9.0,9.0,6.0,9.0,5.0,5.0,2.0,3.0,2.0,2.0,1.0,1.0,1.5
1.0,2.0,2.0,2.0,2.0,2.0,9.0,9.0,2.0,2.0,8.0,9.0,7.0,1.0,1.0,3.0,3.0,3.0,3.0,3.0
1.0,3.0,2.0,3.0,3.0,2.0,3.0,3.0,8.0,4.0,6.0,10.0,10.0,1.0,1.0,2.0,3.0,2.0,2.0,2.25
2.0,3.0,2.0,3.0,2.0,3.0,8.0,8.0,9.0,3.0,9.0,8.0,10.0,1.0,1.0,2.0,3.0,2.0,3.0,2.5
2.0,2.0,3.0,3.0,3.0,2.0,8.0,10.0,1.0,10.0,6.0,9.0,2.0,1.0,,3.0,2.0,2.0,2.0,2.25
2.0,1.0,3.0,3.0,4.0,1.0,6.0,9.0,5.0,4.0,9.0,3.0,8.0,1.0,,4.0,2.0,2.0,1.0,2.25
1.0,3.0,3.0,2.0,3.0,2.0,8.0,8.0,3.0,8.0,9.0,9.0,10.0,1.0,1.0,2.0,2.0,3.0,2.0,2.25
2.0,3.0,1.0,3.0,3.0,2.0,10.0,10.0,1.0,2.0,10.0,10.0,6.0,1.0,,2.0,4.0,2.0,2.0,2.5
2.0,3.0,3.0,3.0,3.0,2.0,10.0,10.0,1.0,7.0,1.0,10.0,5.0,1.0,1.0,2.0,2.0,2.0,2.0,2.0
2.0,3.0,3.0,3.0,3.0,3.0,5.0,7.0,1.0,10.0,10.0,3.0,10.0,1.0,1.0,2.0,2.0,2.0,2.0,2.0
1.0,2.0,2.0,2.0,3.0,3.0,10.0,10.0,1.0,1.0,5.0,10.0,9.0,1.0,1.0,3.0,3.0,3.0,2.0,2.75
3.0,3.0,3.0,3.0,3.0,1.0,8.0,5.0,3.0,6.0,10.0,4.0,9.0,1.0,1.0,2.0,2.0,2.0,2.0,2.0
1.0,1.0,4.0,4.0,4.0,1.0,10.0,10.0,4.0,4.0,9.0,2.0,2.0,1.0,3.0,4.0,1.0,1.0,1.0,1.75
3.0,3.0,3.0,4.0,4.0,2.0,6.0,6.0,4.0,4.0,7.0,4.0,10.0,1.0,1.0,2.0,2.0,1.0,1.0,1.5
2.0,3.0,4.0,4.0,4.0,2.0,10.0,7.0,3.0,5.0,10.0,7.0,9.0,3.0,3.0,2.0,1.0,1.0,1.0,1.25
2.0,4.0,2.0,2.0,2.0,2.0,9.0,9.0,3.0,3.0,10.0,8.0,10.0,1.0,1.0,1.0,3.0,3.0,3.0,2.5
2.0,4.0,2.0,4.0,2.0,4.0,10.0,10.0,7.0,6.0,7.0,10.0,10.0,1.0,1.0,1.0,3.0,1.0,3.0,2.0
1.0,4.0,3.0,4.0,3.0,3.0,10.0,10.0,1.0,3.0,9.0,8.0,7.0,1.0,1.0,1.0,2.0,1.0,2.0,1.5
2.0,3.0,,4.0,1.0,2.0,10.0,10.0,7.0,5.0,3.0,10.0,10.0,1.0,1.0,2.0,,1.0,4.0,
1.0,3.0,4.0,4.0,4.0,,7.0,7.0,6.0,6.0,7.0,10.0,10.0,1.0,1.0,2.0,1.0,1.0,1.0,1.25
2.0,2.0,2.0,3.0,3.0,2.0,5.0,7.0,6.0,8.0,6.0,8.0,7.0,1.0,1.0,3.0,3.0,2.0,2.0,2.5
2.0,2.0,4.0,4.0,4.0,1.0,3.0,2.0,6.0,,8.0,7.0,10.0,1.0,1.0,3.0,1.0,1.0,1.0,1.5
2.0,3.0,2.0,4.0,2.0,3.0,5.0,2.0,6.0,6.0,8.0,4.0,5.0,1.0,1.0,2.0,3.0,1.0,3.0,2.25
2.0,2.0,2.0,4.0,3.0,2.0,8.0,8.0,4.0,8.0,9.0,4.0,2.0,3.0,3.0,3.0,3.0,1.0,2.0,2.25
2.0,3.0,3.0,3.0,3.0,2.0,8.0,8.0,10.0,8.0,5.0,10.0,4.0,1.0,1.0,2.0,2.0,2.0,2.0,2.0
2.0,2.0,2.0,3.0,2.0,2.0,3.0,3.0,3.0,6.0,7.0,7.0,10.0,1.0,1.0,3.0,3.0,2.0,3.0,2.75
2.0,3.0,3.0,3.0,3.0,2.0,6.0,8.0,5.0,6.0,7.0,3.0,2.0,2.0,1.0,2.0,2.0,2.0,2.0,2.0
2.0,2.0,3.0,4.0,4.0,1.0,8.0,6.0,7.0,5.0,8.0,9.0,6.0,1.0,1.0,3.0,2.0,1.0,1.0,1.75
1.0,3.0,4.0,4.0,4.0,3.0,8.0,8.0,6.0,7.0,10.0,3.0,7.0,1.0,1.0,2.0,1.0,1.0,1.0,1.25
3.0,3.0,3.0,4.0,3.0,2.0,10.0,10.0,4.0,3.0,8.0,9.0,8.0,1.0,1.0,2.0,2.0,1.0,2.0,1.75
2.0,4.0,4.0,4.0,4.0,2.0,6.0,7.0,10.0,7.0,10.0,8.0,1.0,3.0,3.0,1.0,1.0,1.0,1.0,1.0
1.0,3.0,3.0,3.0,4.0,4.0,10.0,8.0,6.0,6.0,6.0,1.0,10.0,1.0,1.0,2.0,2.0,2.0,1.0,1.75
2.0,3.0,3.0,3.0,3.0,3.0,8.0,8.0,2.0,8.0,9.0,8.0,8.0,1.0,1.0,2.0,2.0,2.0,2.0,2.0
1.0,3.0,3.0,4.0,1.0,3.0,8.0,8.0,7.0,8.0,7.0,8.0,9.0,1.0,1.0,2.0,2.0,1.0,4.0,2.25
2.0,3.0,1.0,2.0,1.0,1.0,8.0,8.0,4.0,5.0,6.0,4.0,3.0,1.0,1.0,2.0,4.0,3.0,4.0,3.25
1.0,3.0,1.0,1.0,4.0,4.0,4.0,4.0,9.0,4.0,4.0,9.0,10.0,1.0,1.0,2.0,4.0,4.0,1.0,2.75
2.0,3.0,3.0,3.0,3.0,2.0,7.0,8.0,7.0,8.0,7.0,8.0,1.0,2.0,2.0,2.0,2.0,2.0,2.0,2.0
2.0,3.0,3.0,3.0,3.0,2.0,6.0,6.0,6.0,6.0,8.0,7.0,7.0,1.0,1.0,2.0,2.0,2.0,2.0,2.0
1.0,4.0,3.0,4.0,4.0,3.0,6.0,8.0,5.0,6.0,9.0,5.0,10.0,1.0,2.0,1.0,2.0,1.0,1.0,1.25
2.0,3.0,3.0,3.0,3.0,3.0,8.0,8.0,7.0,6.0,7.0,6.0,8.0,,,2.0,2.0,2.0,2.0,2.0
2.0,2.0,2.0,3.0,1.0,1.0,10.0,10.0,10.0,10.0,10.0,5.0,10.0,1.0,2.0,3.0,3.0,2.0,4.0,3.0
3.0,4.0,4.0,4.0,4.0,2.0,10.0,9.0,9.0,9.0,10.0,3.0,2.0,1.0,3.0,1.0,1.0,1.0,1.0,1.0
2.0,4.0,4.0,4.0,4.0,2.0,10.0,5.0,6.0,2.0,10.0,5.0,6.0,1.0,1.0,1.0,1.0,1.0,1.0,1.0
1.0,3.0,4.0,4.0,4.0,2.0,5.0,5.0,4.0,6.0,10.0,7.0,10.0,3.0,3.0,2.0,1.0,1.0,1.0,1.25
2.0,2.0,2.0,2.0,2.0,2.0,8.0,10.0,3.0,4.0,5.0,8.0,10.0,1.0,1.0,3.0,3.0,3.0,3.0,3.0
2.0,2.0,2.0,3.0,2.0,2.0,8.0,8.0,3.0,6.0,8.0,8.0,2.0,1.0,1.0,3.0,3.0,2.0,3.0,2.75
2.0,2.0,2.0,2.0,2.0,2.0,6.0,6.0,4.0,4.0,7.0,5.0,6.0,1.0,1.0,3.0,3.0,3.0,3.0,3.0
2.0,4.0,4.0,4.0,4.0,1.0,6.0,8.0,8.0,8.0,10.0,5.0,8.0,2.0,2.0,1.0,1.0,1.0,1.0,1.0
1.0,4.0,3.0,3.0,3.0,3.0,10.0,10.0,2.0,,10.0,10.0,7.0,1.0,1.0,1.0,2.0,2.0,2.0,1.75
2.0,4.0,4.0,4.0,4.0,1.0,5.0,5.0,6.0,6.0,6.0,5.0,5.0,3.0,3.0,1.0,1.0,1.0,1.0,1.0
2.0,2.0,4.0,4.0,4.0,4.0,10.0,10.0,1.0,2.0,8.0,9.0,10.0,1.0,1.0,3.0,1.0,1.0,1.0,1.5
2.0,4.0,4.0,4.0,4.0,4.0,9.0,9.0,1.0,2.0,9.0,10.0,8.0,1.0,1.0,1.0,1.0,1.0,1.0,1.0
2.0,2.0,3.0,3.0,3.0,2.0,8.0,7.0,7.0,7.0,8.0,5.0,7.0,1.0,1.0,3.0,2.0,2.0,2.0,2.25
4.0,1.0,4.0,,3.0,4.0,7.0,1.0,6.0,10.0,10.0,1.0,6.0,2.0,2.0,4.0,1.0,,2.0,
2.0,3.0,3.0,3.0,3.0,3.0,8.0,8.0,4.0,2.0,2.0,10.0,10.0,1.0,1.0,2.0,2.0,2.0,2.0,2.0
2.0,3.0,4.0,4.0,4.0,2.0,8.0,8.0,10.0,5.0,9.0,4.0,1.0,1.0,2.0,2.0,1.0,1.0,1.0,1.25
2.0,3.0,2.0,2.0,,1.0,9.0,9.0,2.0,7.0,10.0,8.0,10.0,,2.0,2.0,3.0,3.0,,
2.0,3.0,3.0,4.0,4.0,3.0,6.0,5.0,4.0,8.0,7.0,3.0,5.0,1.0,2.0,2.0,2.0,1.0,1.0,1.5
2.0,3.0,3.0,3.0,3.0,1.0,8.0,9.0,1.0,1.0,8.0,9.0,10.0,1.0,1.0,2.0,2.0,2.0,2.0,2.0
1.0,3.0,1.0,1.0,1.0,1.0,10.0,10.0,2.0,5.0,9.0,10.0,10.0,1.0,1.0,2.0,4.0,4.0,4.0,3.5
1.0,4.0,,,4.0,4.0,7.0,9.0,2.0,3.0,1.0,10.0,10.0,1.0,1.0,1.0,,,1.0,
1.0,2.0,1.0,1.0,4.0,3.0,10.0,10.0,1.0,1.0,9.0,8.0,10.0,1.0,1.0,3.0,4.0,4.0,1.0,3.0
2.0,3.0,3.0,3.0,3.0,2.0,9.0,9.0,7.0,9.0,7.0,7.0,8.0,,,2.0,2.0,2.0,2.0,2.0
3.0,4.0,3.0,4.0,4.0,2.0,8.0,9.0,8.0,9.0,3.0,8.0,2.0,3.0,2.0,1.0,2.0,1.0,1.0,1.25
2.0,3.0,4.0,4.0,4.0,1.0,7.0,8.0,9.0,9.0,10.0,7.0,1.0,3.0,3.0,2.0,1.0,1.0,1.0,1.25
1.0,3.0,3.0,4.0,2.0,1.0,8.0,8.0,6.0,3.0,4.0,6.0,9.0,2.0,1.0,2.0,2.0,1.0,3.0,2.0
2.0,3.0,3.0,1.0,3.0,2.0,10.0,10.0,1.0,1.0,10.0,10.0,5.0,2.0,3.0,2.0,2.0,4.0,2.0,2.5
1.0,3.0,3.0,3.0,3.0,3.0,5.0,5.0,6.0,6.0,6.0,5.0,5.0,1.0,2.0,2.0,2.0,2.0,2.0,2.0
2.0,4.0,4.0,3.0,4.0,2.0,8.0,7.0,8.0,8.0,8.0,7.0,9.0,1.0,1.0,1.0,1.0,2.0,1.0,1.25
2.0,3.0,2.0,3.0,3.0,3.0,8.0,6.0,6.0,3.0,4.0,6.0,6.0,3.0,3.0,2.0,3.0,2.0,2.0,2.25
2.0,3.0,4.0,4.0,4.0,2.0,6.0,5.0,4.0,5.0,7.0,5.0,10.0,3.0,3.0,2.0,1.0,1.0,1.0,1.25
2.0,,4.0,4.0,4.0,2.0,5.0,6.0,7.0,6.0,7.0,5.0,6.0,2.0,3.0,,1.0,1.0,1.0,
2.0,2.0,2.0,4.0,4.0,3.0,8.0,8.0,6.0,4.0,8.0,8.0,5.0,1.0,1.0,3.0,3.0,1.0,1.0,2.0
4.0,3.0,3.0,4.0,4.0,1.0,7.0,6.0,5.0,10.0,10.0,4.0,8.0,,,2.0,2.0,1.0,1.0,1.5
1.0,3.0,3.0,3.0,3.0,2.0,8.0,8.0,6.0,5.0,4.0,7.0,2.0,1.0,1.0,2.0,2.0,2.0,2.0,2.0
3.0,3.0,3.0,3.0,3.0,2.0,8.0,8.0,3.0,3.0,3.0,8.0,4.0,1.0,1.0,2.0,2.0,2.0,2.0,2.0
1.0,2.0,2.0,2.0,1.0,2.0,10.0,9.0,4.0,4.0,5.0,7.0,10.0,1.0,1.0,3.0,3.0,3.0,4.0,3.25
2.0,2.0,2.0,4.0,3.0,2.0,6.0,7.0,4.0,3.0,10.0,8.0,10.0,1.0,2.0,3.0,3.0,1.0,2.0,2.25
2.0,,2.0,3.0,3.0,2.0,8.0,8.0,,,3.0,8.0,9.0,,,,3.0,2.0,2.0,
2.0,2.0,1.0,1.0,3.0,2.0,10.0,10.0,10.0,10.0,10.0,9.0,3.0,2.0,,3.0,4.0,4.0,2.0,3.25
2.0,3.0,2.0,2.0,2.0,3.0,7.0,8.0,8.0,4.0,8.0,5.0,6.0,2.0,1.0,2.0,3.0,3.0,3.0,2.75
2.0,3.0,3.0,3.0,3.0,3.0,7.0,7.0,6.0,6.0,6.0,6.0,9.0,1.0,1.0,2.0,2.0,2.0,2.0,2.0
1.0,2.0,1.0,2.0,2.0,2.0,5.0,5.0,6.0,6.0,6.0,5.0,10.0,,2.0,3.0,4.0,3.0,3.0,3.25
2.0,3.0,3.0,3.0,3.0,2.0,10.0,10.0,1.0,1.0,8.0,10.0,10.0,1.0,2.0,2.0,2.0,2.0,2.0,2.0
3.0,3.0,3.0,3.0,3.0,3.0,10.0,10.0,4.0,5.0,10.0,6.0,6.0,2.0,2.0,2.0,2.0,2.0,2.0,2.0
1.0,4.0,4.0,4.0,4.0,4.0,6.0,8.0,3.0,3.0,4.0,7.0,3.0,1.0,1.0,1.0,1.0,1.0,1.0,1.0
2.0,2.0,3.0,3.0,3.0,2.0,9.0,7.0,4.0,5.0,7.0,3.0,5.0,1.0,1.0,3.0,2.0,2.0,2.0,2.25
2.0,2.0,3.0,3.0,3.0,,7.0,7.0,4.0,4.0,8.0,8.0,1.0,1.0,1.0,3.0,2.0,2.0,2.0,2.25
2.0,3.0,3.0,3.0,3.0,2.0,10.0,10.0,2.0,3.0,10.0,10.0,10.0,1.0,1.0,2.0,2.0,2.0,2.0,2.0
2.0,2.0,3.0,4.0,4.0,1.0,5.0,5.0,6.0,6.0,7.0,5.0,3.0,2.0,2.0,3.0,2.0,1.0,1.0,1.75
2.0,3.0,2.0,2.0,3.0,3.0,10.0,8.0,9.0,9.0,9.0,8.0,2.0,1.0,1.0,2.0,3.0,3.0,2.0,2.5
1.0,3.0,3.0,3.0,3.0,2.0,8.0,8.0,5.0,5.0,9.0,7.0,8.0,1.0,1.0,2.0,2.0,2.0,2.0,2.0
1.0,3.0,3.0,3.0,3.0,3.0,10.0,10.0,10.0,7.0,10.0,6.0,1.0,2.0,2.0,2.0,2.0,2.0,2.0,2.0
3.0,2.0,3.0,3.0,3.0,2.0,,,,,,,,1.0,1.0,3.0,2.0,2.0,2.0,2.25
2.0,4.0,4.0,4.0,4.0,2.0,10.0,10.0,10.0,10.0,10.0,4.0,1.0,3.0,3.0,1.0,1.0,1.0,1.0,1.0
2.0,3.0,2.0,3.0,3.0,2.0,8.0,8.0,3.0,3.0,7.0,7.0,4.0,1.0,1.0,2.0,3.0,2.0,2.0,2.25
,,3.0,3.0,3.0,2.0,7.0,7.0,3.0,,4.0,7.0,6.0,,,,2.0,2.0,2.0,
2.0,3.0,2.0,3.0,2.0,2.0,9.0,6.0,4.0,3.0,7.0,7.0,8.0,1.0,1.0,2.0,3.0,2.0,3.0,2.5
1.0,3.0,3.0,3.0,3.0,3.0,9.0,10.0,2.0,4.0,8.0,9.0,1.0,,,2.0,2.0,2.0,2.0,2.0
1.0,3.0,3.0,3.0,3.0,2.0,9.0,10.0,1.0,3.0,9.0,7.0,4.0,1.0,1.0,2.0,2.0,2.0,2.0,2.0
2.0,3.0,3.0,3.0,3.0,4.0,10.0,10.0,8.0,8.0,10.0,5.0,8.0,1.0,2.0,2.0,2.0,2.0,2.0,2.0
2.0,3.0,3.0,3.0,3.0,3.0,9.0,9.0,2.0,3.0,8.0,7.0,,1.0,1.0,2.0,2.0,2.0,2.0,2.0
1.0,3.0,3.0,3.0,3.0,2.0,9.0,10.0,3.0,3.0,9.0,9.0,3.0,1.0,1.0,2.0,2.0,2.0,2.0,2.0
1.0,3.0,3.0,3.0,3.0,3.0,8.0,9.0,4.0,4.0,7.0,8.0,8.0,1.0,1.0,2.0,2.0,2.0,2.0,2.0
2.0,3.0,3.0,3.0,3.0,3.0,8.0,9.0,2.0,2.0,9.0,8.0,6.0,,,2.0,2.0,2.0,2.0,2.0
2.0,4.0,2.0,3.0,2.0,2.0,9.0,9.0,2.0,2.0,9.0,8.0,10.0,1.0,1.0,1.0,3.0,2.0,3.0,2.25
2.0,4.0,4.0,4.0,4.0,2.0,10.0,10.0,1.0,3.0,10.0,8.0,10.0,1.0,1.0,1.0,1.0,1.0,1.0,1.0
2.0,3.0,2.0,3.0,3.0,3.0,8.0,9.0,4.0,3.0,9.0,8.0,10.0,1.0,1.0,2.0,3.0,2.0,2.0,2.25
2.0,3.0,3.0,3.0,2.0,3.0,9.0,9.0,8.0,9.0,9.0,2.0,9.0,1.0,2.0,2.0,2.0,2.0,3.0,2.25
3.0,4.0,2.0,4.0,2.0,3.0,9.0,9.0,9.0,1.0,10.0,8.0,7.0,1.0,3.0,1.0,3.0,1.0,3.0,2.0
1.0,4.0,4.0,4.0,4.0,4.0,6.0,5.0,7.0,7.0,6.0,5.0,2.0,2.0,3.0,1.0,1.0,1.0,1.0,1.0
1.0,3.0,2.0,4.0,2.0,1.0,7.0,8.0,3.0,2.0,9.0,6.0,10.0,2.0,2.0,2.0,3.0,1.0,3.0,2.25
2.0,3.0,3.0,3.0,3.0,2.0,8.0,8.0,5.0,3.0,8.0,7.0,10.0,1.0,1.0,2.0,2.0,2.0,2.0,2.0
2.0,3.0,3.0,3.0,3.0,3.0,8.0,9.0,4.0,2.0,9.0,8.0,10.0,1.0,2.0,2.0,2.0,2.0,2.0,2.0
2.0,2.0,1.0,3.0,2.0,3.0,9.0,9.0,2.0,2.0,9.0,6.0,5.0,1.0,1.0,3.0,4.0,2.0,3.0,3.0
2.0,3.0,3.0,3.0,3.0,3.0,5.0,5.0,6.0,7.0,10.0,4.0,10.0,1.0,1.0,2.0,2.0,2.0,2.0,2.0
2.0,3.0,3.0,4.0,4.0,2.0,5.0,5.0,6.0,8.0,8.0,5.0,9.0,1.0,2.0,2.0,2.0,1.0,1.0,1.5
2.0,2.0,3.0,4.0,3.0,1.0,10.0,10.0,10.0,4.0,10.0,4.0,1.0,1.0,2.0,3.0,2.0,1.0,2.0,2.0
2.0,2.0,1.0,3.0,2.0,2.0,2.0,2.0,3.0,3.0,9.0,3.0,10.0,1.0,1.0,3.0,4.0,2.0,3.0,3.0
1.0,3.0,2.0,2.0,2.0,2.0,8.0,9.0,3.0,4.0,7.0,6.0,9.0,3.0,3.0,2.0,3.0,3.0,3.0,2.75
3.0,4.0,4.0,4.0,4.0,1.0,5.0,5.0,4.0,4.0,6.0,5.0,5.0,1.0,1.0,1.0,1.0,1.0,1.0,1.0
2.0,3.0,4.0,4.0,4.0,3.0,10.0,10.0,8.0,8.0,2.0,8.0,5.0,,,2.0,1.0,1.0,1.0,1.25
2.0,2.0,1.0,1.0,2.0,2.0,9.0,9.0,2.0,4.0,2.0,9.0,3.0,1.0,1.0,3.0,4.0,4.0,3.0,3.5
1.0,3.0,3.0,4.0,4.0,2.0,7.0,5.0,4.0,3.0,8.0,7.0,10.0,,,2.0,2.0,1.0,1.0,1.5
3.0,3.0,3.0,3.0,3.0,2.0,8.0,8.0,3.0,8.0,1.0,10.0,4.0,1.0,2.0,2.0,2.0,2.0,2.0,2.0
1.0,4.0,,1.0,,2.0,6.0,6.0,5.0,5.0,5.0,6.0,10.0,2.0,2.0,1.0,,4.0,,
3.0,3.0,4.0,4.0,2.0,3.0,10.0,6.0,2.0,7.0,10.0,3.0,1.0,1.0,1.0,2.0,1.0,1.0,3.0,1.75
2.0,3.0,3.0,3.0,3.0,2.0,10.0,10.0,1.0,6.0,10.0,10.0,5.0,1.0,1.0,2.0,2.0,2.0,2.0,2.0
2.0,4.0,4.0,4.0,4.0,2.0,7.0,7.0,7.0,9.0,4.0,3.0,6.0,1.0,2.0,1.0,1.0,1.0,1.0,1.0
2.0,3.0,3.0,3.0,3.0,2.0,10.0,10.0,10.0,6.0,10.0,7.0,1.0,2.0,2.0,2.0,2.0,2.0,2.0,2.0
2.0,3.0,3.0,3.0,3.0,2.0,5.0,5.0,6.0,6.0,6.0,7.0,9.0,1.0,1.0,2.0,2.0,2.0,2.0,2.0
2.0,3.0,3.0,3.0,3.0,2.0,5.0,5.0,6.0,6.0,6.0,6.0,9.0,1.0,1.0,2.0,2.0,2.0,2.0,2.0
2.0,2.0,3.0,2.0,2.0,2.0,7.0,7.0,4.0,4.0,7.0,8.0,8.0,2.0,2.0,3.0,2.0,3.0,3.0,2.75
1.0,2.0,3.0,1.0,2.0,3.0,6.0,6.0,5.0,5.0,5.0,6.0,3.0,1.0,1.0,3.0,2.0,4.0,3.0,3.0
1.0,3.0,3.0,4.0,4.0,3.0,9.0,9.0,7.0,10.0,1.0,7.0,5.0,2.0,2.0,2.0,2.0,1.0,1.0,1.5
2.0,3.0,2.0,3.0,2.0,3.0,8.0,8.0,4.0,4.0,4.0,5.0,10.0,1.0,3.0,2.0,3.0,2.0,3.0,2.5
2.0,2.0,3.0,4.0,4.0,1.0,7.0,7.0,4.0,4.0,9.0,9.0,10.0,2.0,2.0,3.0,2.0,1.0,1.0,1.75
2.0,3.0,3.0,2.0,3.0,2.0,9.0,9.0,9.0,9.0,2.0,9.0,5.0,1.0,1.0,2.0,2.0,3.0,2.0,2.25
1.0,2.0,2.0,3.0,3.0,3.0,9.0,3.0,9.0,3.0,3.0,8.0,7.0,1.0,1.0,3.0,3.0,2.0,2.0,2.5
2.0,3.0,3.0,3.0,3.0,2.0,8.0,8.0,8.0,8.0,8.0,7.0,2.0,2.0,2.0,2.0,2.0,2.0,2.0,2.0
2.0,3.0,3.0,3.0,3.0,3.0,9.0,10.0,1.0,2.0,10.0,9.0,10.0,1.0,1.0,2.0,2.0,2.0,2.0,2.0
3.0,3.0,4.0,4.0,4.0,2.0,9.0,9.0,10.0,10.0,10.0,3.0,8.0,2.0,1.0,2.0,1.0,1.0,1.0,1.25
2.0,3.0,3.0,3.0,3.0,2.0,5.0,7.0,5.0,4.0,4.0,4.0,6.0,,,2.0,2.0,2.0,2.0,2.0
3.0,3.0,3.0,3.0,3.0,4.0,8.0,8.0,7.0,7.0,7.0,4.0,1.0,1.0,1.0,2.0,2.0,2.0,2.0,2.0
1.0,3.0,3.0,3.0,3.0,2.0,10.0,10.0,9.0,9.0,9.0,9.0,8.0,1.0,3.0,2.0,2.0,2.0,2.0,2.0
2.0,4.0,2.0,3.0,3.0,2.0,6.0,7.0,4.0,7.0,8.0,8.0,10.0,1.0,1.0,1.0,3.0,2.0,2.0,2.0
1.0,3.0,3.0,4.0,3.0,2.0,9.0,4.0,8.0,8.0,10.0,1.0,1.0,3.0,3.0,2.0,2.0,1.0,2.0,1.75
3.0,3.0,3.0,3.0,3.0,2.0,10.0,10.0,10.0,1.0,10.0,10.0,5.0,1.0,1.0,2.0,2.0,2.0,2.0,2.0
1.0,3.0,2.0,2.0,2.0,2.0,9.0,9.0,2.0,2.0,9.0,9.0,8.0,1.0,3.0,2.0,3.0,3.0,3.0,2.75
3.0,3.0,3.0,4.0,2.0,2.0,5.0,6.0,6.0,4.0,6.0,6.0,10.0,1.0,1.0,2.0,2.0,1.0,3.0,2.0
2.0,1.0,2.0,3.0,3.0,3.0,9.0,3.0,4.0,8.0,9.0,8.0,5.0,1.0,1.0,4.0,3.0,2.0,2.0,2.75
1.0,3.0,3.0,3.0,3.0,3.0,8.0,8.0,9.0,9.0,10.0,10.0,10.0,1.0,3.0,2.0,2.0,2.0,2.0,2.0
3.0,2.0,2.0,2.0,2.0,2.0,8.0,8.0,7.0,10.0,9.0,10.0,4.0,1.0,1.0,3.0,3.0,3.0,3.0,3.0
4.0,2.0,4.0,4.0,4.0,2.0,7.0,8.0,7.0,8.0,10.0,1.0,3.0,2.0,2.0,3.0,1.0,1.0,1.0,1.5
1.0,3.0,3.0,3.0,3.0,3.0,8.0,8.0,7.0,7.0,8.0,5.0,8.0,3.0,,2.0,2.0,2.0,2.0,2.0
2.0,2.0,3.0,3.0,4.0,3.0,3.0,4.0,5.0,2.0,1.0,3.0,10.0,1.0,2.0,3.0,2.0,2.0,1.0,2.0
1.0,3.0,1.0,3.0,1.0,2.0,5.0,8.0,2.0,5.0,8.0,10.0,10.0,1.0,1.0,2.0,4.0,2.0,4.0,3.0
1.0,3.0,3.0,3.0,3.0,3.0,7.0,7.0,5.0,5.0,5.0,5.0,8.0,1.0,1.0,2.0,2.0,2.0,2.0,2.0
2.0,3.0,3.0,3.0,3.0,3.0,5.0,6.0,4.0,5.0,6.0,6.0,5.0,2.0,3.0,2.0,2.0,2.0,2.0,2.0
2.0,2.0,4.0,3.0,4.0,1.0,7.0,7.0,4.0,5.0,8.0,5.0,1.0,1.0,2.0,3.0,1.0,2.0,1.0,1.75
2.0,2.0,2.0,3.0,3.0,2.0,10.0,7.0,1.0,6.0,5.0,7.0,6.0,1.0,1.0,3.0,3.0,2.0,2.0,2.5
2.0,2.0,3.0,3.0,2.0,1.0,1.0,10.0,10.0,1.0,4.0,10.0,10.0,1.0,1.0,3.0,2.0,2.0,3.0,2.5
3.0,3.0,3.0,,,4.0,5.0,7.0,5.0,10.0,10.0,7.0,9.0,2.0,2.0,2.0,2.0,,,
3.0,3.0,3.0,4.0,3.0,1.0,3.0,2.0,4.0,5.0,7.0,6.0,10.0,1.0,2.0,2.0,2.0,1.0,2.0,1.75
2.0,3.0,4.0,2.0,2.0,2.0,6.0,9.0,,8.0,10.0,10.0,10.0,1.0,,2.0,1.0,3.0,3.0,2.25
4.0,4.0,4.0,4.0,4.0,1.0,6.0,6.0,5.0,6.0,10.0,10.0,8.0,2.0,2.0,1.0,1.0,1.0,1.0,1.0
3.0,3.0,3.0,2.0,3.0,1.0,10.0,10.0,1.0,3.0,10.0,9.0,5.0,1.0,2.0,2.0,2.0,3.0,2.0,2.25
1.0,4.0,,4.0,4.0,4.0,8.0,5.0,3.0,3.0,2.0,5.0,10.0,2.0,1.0,1.0,,1.0,1.0,
1.0,3.0,3.0,3.0,3.0,3.0,7.0,6.0,6.0,5.0,8.0,7.0,1.0,1.0,1.0,2.0,2.0,2.0,2.0,2.0
2.0,3.0,4.0,4.0,4.0,2.0,7.0,8.0,7.0,2.0,8.0,4.0,7.0,1.0,2.0,2.0,1.0,1.0,1.0,1.25
1.0,3.0,1.0,3.0,3.0,3.0,10.0,9.0,6.0,6.0,6.0,5.0,10.0,,,2.0,4.0,2.0,2.0,2.5
2.0,,3.0,3.0,3.0,2.0,5.0,7.0,,,5.0,8.0,8.0,1.0,1.0,,2.0,2.0,2.0,
1.0,2.0,3.0,3.0,3.0,1.0,8.0,8.0,5.0,3.0,4.0,8.0,8.0,1.0,1.0,3.0,2.0,2.0,2.0,2.25
2.0,3.0,2.0,2.0,3.0,2.0,10.0,10.0,10.0,10.0,10.0,10.0,8.0,1.0,1.0,2.0,3.0,3.0,2.0,2.5
2.0,3.0,2.0,3.0,3.0,2.0,8.0,9.0,4.0,5.0,10.0,6.0,10.0,3.0,3.0,2.0,3.0,2.0,2.0,2.25
2.0,4.0,4.0,4.0,4.0,2.0,9.0,8.0,6.0,3.0,7.0,7.0,8.0,2.0,3.0,1.0,1.0,1.0,1.0,1.0
3.0,3.0,3.0,4.0,4.0,3.0,8.0,9.0,6.0,6.0,6.0,8.0,5.0,1.0,1.0,2.0,2.0,1.0,1.0,1.5
2.0,3.0,2.0,3.0,3.0,3.0,9.0,9.0,2.0,10.0,9.0,8.0,1.0,2.0,2.0,2.0,3.0,2.0,2.0,2.25
1.0,1.0,1.0,4.0,1.0,4.0,8.0,9.0,10.0,3.0,4.0,5.0,10.0,1.0,,4.0,4.0,1.0,4.0,3.25
2.0,3.0,3.0,4.0,2.0,2.0,7.0,6.0,8.0,6.0,10.0,5.0,2.0,1.0,1.0,2.0,2.0,1.0,3.0,2.0
2.0,3.0,2.0,3.0,3.0,1.0,5.0,7.0,3.0,8.0,10.0,7.0,10.0,1.0,1.0,2.0,3.0,2.0,2.0,2.25
2.0,4.0,4.0,4.0,4.0,2.0,9.0,9.0,9.0,10.0,2.0,7.0,4.0,2.0,3.0,1.0,1.0,1.0,1.0,1.0
3.0,3.0,4.0,4.0,4.0,2.0,3.0,5.0,3.0,6.0,4.0,4.0,8.0,2.0,2.0,2.0,1.0,1.0,1.0,1.25
2.0,3.0,4.0,3.0,2.0,1.0,8.0,8.0,4.0,6.0,10.0,9.0,10.0,2.0,3.0,2.0,1.0,2.0,3.0,2.0
2.0,2.0,2.0,3.0,3.0,2.0,10.0,10.0,1.0,1.0,1.0,10.0,10.0,1.0,1.0,3.0,3.0,2.0,2.0,2.5
1.0,2.0,2.0,2.0,2.0,3.0,9.0,9.0,8.0,3.0,10.0,8.0,9.0,1.0,1.0,3.0,3.0,3.0,3.0,3.0
1.0,3.0,4.0,4.0,4.0,1.0,10.0,10.0,10.0,10.0,10.0,10.0,8.0,3.0,3.0,2.0,1.0,1.0,1.0,1.25
2.0,3.0,4.0,4.0,4.0,2.0,6.0,8.0,7.0,7.0,4.0,6.0,7.0,3.0,2.0,2.0,1.0,1.0,1.0,1.25
1.0,2.0,3.0,3.0,3.0,3.0,8.0,9.0,5.0,6.0,4.0,9.0,5.0,1.0,1.0,3.0,2.0,2.0,2.0,2.25
3.0,2.0,4.0,3.0,3.0,3.0,8.0,8.0,9.0,9.0,6.0,5.0,5.0,1.0,1.0,3.0,1.0,2.0,2.0,2.0
1.0,2.0,3.0,2.0,3.0,2.0,10.0,10.0,10.0,10.0,10.0,10.0,4.0,1.0,1.0,3.0,2.0,3.0,2.0,2.5
2.0,2.0,3.0,4.0,3.0,1.0,6.0,8.0,5.0,6.0,8.0,1.0,3.0,1.0,2.0,3.0,2.0,1.0,2.0,2.0
2.0,3.0,3.0,4.0,3.0,3.0,9.0,9.0,2.0,2.0,4.0,5.0,3.0,2.0,2.0,2.0,2.0,1.0,2.0,1.75
2.0,3.0,3.0,3.0,3.0,2.0,8.0,8.0,9.0,9.0,10.0,10.0,2.0,1.0,2.0,2.0,2.0,2.0,2.0,2.0
2.0,3.0,3.0,3.0,2.0,2.0,9.0,9.0,3.0,8.0,8.0,9.0,8.0,,,2.0,2.0,2.0,3.0,2.25
2.0,2.0,2.0,2.0,2.0,3.0,10.0,10.0,4.0,4.0,9.0,10.0,3.0,,,3.0,3.0,3.0,3.0,3.0
3.0,3.0,3.0,3.0,3.0,3.0,7.0,7.0,4.0,8.0,8.0,7.0,10.0,1.0,,2.0,2.0,2.0,2.0,2.0
1.0,2.0,3.0,3.0,3.0,3.0,9.0,9.0,5.0,4.0,4.0,6.0,10.0,,,3.0,2.0,2.0,2.0,2.25
1.0,3.0,1.0,1.0,2.0,2.0,8.0,9.0,2.0,9.0,8.0,8.0,10.0,1.0,1.0,2.0,4.0,4.0,3.0,3.25
2.0,3.0,3.0,3.0,3.0,2.0,10.0,3.0,3.0,5.0,10.0,3.0,7.0,1.0,1.0,2.0,2.0,2.0,2.0,2.0
1.0,3.0,3.0,3.0,2.0,3.0,6.0,7.0,5.0,5.0,5.0,6.0,10.0,1.0,1.0,2.0,2.0,2.0,3.0,2.25
2.0,2.0,3.0,3.0,3.0,3.0,7.0,7.0,3.0,3.0,10.0,7.0,8.0,2.0,1.0,3.0,2.0,2.0,2.0,2.25
2.0,3.0,3.0,3.0,3.0,3.0,5.0,5.0,6.0,6.0,6.0,3.0,10.0,1.0,1.0,2.0,2.0,2.0,2.0,2.0
2.0,3.0,3.0,3.0,3.0,2.0,8.0,8.0,3.0,3.0,6.0,10.0,10.0,1.0,1.0,2.0,2.0,2.0,2.0,2.0
1.0,1.0,3.0,3.0,3.0,,10.0,10.0,1.0,,1.0,10.0,,1.0,1.0,4.0,2.0,2.0,2.0,2.5
2.0,3.0,2.0,3.0,2.0,1.0,8.0,9.0,2.0,6.0,9.0,3.0,10.0,,2.0,2.0,3.0,2.0,3.0,2.5
1.0,3.0,3.0,3.0,3.0,3.0,8.0,8.0,6.0,4.0,6.0,9.0,2.0,1.0,1.0,2.0,2.0,2.0,2.0,2.0
2.0,3.0,3.0,3.0,3.0,3.0,5.0,5.0,6.0,6.0,6.0,8.0,5.0,1.0,2.0,2.0,2.0,2.0,2.0,2.0
2.0,3.0,3.0,3.0,3.0,2.0,8.0,6.0,2.0,5.0,8.0,8.0,10.0,1.0,1.0,2.0,2.0,2.0,2.0,2.0
2.0,2.0,3.0,3.0,3.0,2.0,5.0,6.0,7.0,6.0,7.0,7.0,9.0,1.0,1.0,3.0,2.0,2.0,2.0,2.25
1.0,3.0,3.0,3.0,3.0,3.0,5.0,5.0,6.0,5.0,6.0,5.0,5.0,3.0,3.0,2.0,2.0,2.0,2.0,2.0
1.0,2.0,3.0,4.0,4.0,2.0,10.0,9.0,3.0,3.0,9.0,10.0,2.0,2.0,1.0,3.0,2.0,1.0,1.0,1.75
2.0,3.0,2.0,1.0,3.0,2.0,6.0,6.0,3.0,3.0,5.0,9.0,6.0,1.0,1.0,2.0,3.0,4.0,2.0,2.75
2.0,2.0,3.0,4.0,2.0,2.0,5.0,6.0,6.0,6.0,7.0,6.0,4.0,1.0,2.0,3.0,2.0,1.0,3.0,2.25
3.0,3.0,2.0,1.0,,,8.0,5.0,6.0,6.0,1.0,5.0,3.0,1.0,1.0,2.0,3.0,4.0,,
2.0,3.0,3.0,4.0,3.0,2.0,8.0,7.0,7.0,8.0,8.0,7.0,6.0,1.0,1.0,2.0,2.0,1.0,2.0,1.75
1.0,4.0,3.0,4.0,3.0,2.0,8.0,9.0,4.0,5.0,8.0,3.0,6.0,,2.0,1.0,2.0,1.0,2.0,1.5
2.0,2.0,2.0,3.0,2.0,,7.0,7.0,4.0,3.0,8.0,8.0,8.0,1.0,1.0,3.0,3.0,2.0,3.0,2.75
1.0,3.0,3.0,3.0,3.0,1.0,9.0,9.0,6.0,8.0,10.0,9.0,10.0,3.0,3.0,2.0,2.0,2.0,2.0,2.0
2.0,3.0,3.0,3.0,3.0,3.0,8.0,5.0,6.0,8.0,8.0,8.0,10.0,1.0,1.0,2.0,2.0,2.0,2.0,2.0
2.0,4.0,3.0,4.0,4.0,2.0,5.0,5.0,6.0,6.0,6.0,6.0,5.0,1.0,1.0,1.0,2.0,1.0,1.0,1.25
2.0,3.0,2.0,3.0,3.0,3.0,8.0,6.0,1.0,1.0,10.0,5.0,10.0,1.0,1.0,2.0,3.0,2.0,2.0,2.25
2.0,2.0,3.0,4.0,2.0,2.0,8.0,8.0,3.0,3.0,9.0,8.0,10.0,1.0,1.0,3.0,2.0,1.0,3.0,2.25
3.0,3.0,1.0,3.0,3.0,2.0,7.0,4.0,3.0,2.0,8.0,4.0,2.0,2.0,3.0,2.0,4.0,2.0,2.0,2.5
2.0,3.0,3.0,4.0,4.0,3.0,10.0,9.0,2.0,4.0,6.0,5.0,8.0,1.0,1.0,2.0,2.0,1.0,1.0,1.5
1.0,3.0,2.0,3.0,3.0,2.0,7.0,7.0,6.0,7.0,7.0,7.0,10.0,1.0,2.0,2.0,3.0,2.0,2.0,2.25
2.0,2.0,3.0,4.0,4.0,2.0,8.0,8.0,8.0,8.0,8.0,6.0,3.0,1.0,2.0,3.0,2.0,1.0,1.0,1.75
2.0,2.0,3.0,3.0,3.0,2.0,10.0,10.0,4.0,6.0,6.0,8.0,10.0,1.0,3.0,3.0,2.0,2.0,2.0,2.25
3.0,3.0,3.0,3.0,3.0,1.0,7.0,7.0,5.0,7.0,6.0,4.0,10.0,3.0,3.0,2.0,2.0,2.0,2.0,2.0
2.0,4.0,4.0,4.0,4.0,2.0,8.0,9.0,4.0,5.0,8.0,5.0,8.0,1.0,1.0,1.0,1.0,1.0,1.0,1.0
2.0,3.0,3.0,3.0,3.0,1.0,6.0,6.0,3.0,2.0,10.0,5.0,10.0,1.0,1.0,2.0,2.0,2.0,2.0,2.0
2.0,4.0,3.0,4.0,4.0,4.0,7.0,7.0,9.0,8.0,9.0,6.0,1.0,3.0,3.0,1.0,2.0,1.0,1.0,1.25
2.0,3.0,3.0,3.0,3.0,3.0,8.0,8.0,7.0,7.0,4.0,8.0,10.0,1.0,1.0,2.0,2.0,2.0,2.0,2.0
2.0,2.0,3.0,2.0,2.0,2.0,6.0,6.0,5.0,5.0,5.0,8.0,5.0,1.0,1.0,3.0,2.0,3.0,3.0,2.75
2.0,3.0,3.0,3.0,3.0,3.0,7.0,7.0,4.0,6.0,6.0,7.0,3.0,1.0,1.0,2.0,2.0,2.0,2.0,2.0
1.0,1.0,3.0,1.0,3.0,1.0,8.0,9.0,6.0,5.0,6.0,9.0,9.0,2.0,2.0,4.0,2.0,4.0,2.0,3.0
2.0,3.0,2.0,3.0,3.0,2.0,6.0,6.0,6.0,6.0,6.0,5.0,9.0,1.0,1.0,2.0,3.0,2.0,2.0,2.25
1.0,2.0,2.0,2.0,2.0,2.0,4.0,3.0,6.0,8.0,6.0,5.0,9.0,,,3.0,3.0,3.0,3.0,3.0
2.0,3.0,3.0,3.0,3.0,3.0,5.0,5.0,6.0,6.0,6.0,5.0,3.0,2.0,,2.0,2.0,2.0,2.0,2.0
1.0,3.0,3.0,3.0,3.0,2.0,10.0,10.0,8.0,8.0,8.0,10.0,8.0,1.0,1.0,2.0,2.0,2.0,2.0,2.0
1.0,2.0,3.0,3.0,3.0,1.0,6.0,6.0,3.0,5.0,6.0,8.0,10.0,1.0,1.0,3.0,2.0,2.0,2.0,2.25
1.0,3.0,3.0,3.0,3.0,3.0,7.0,7.0,4.0,4.0,7.0,6.0,8.0,1.0,1.0,2.0,2.0,2.0,2.0,2.0
2.0,2.0,3.0,3.0,3.0,2.0,5.0,7.0,3.0,2.0,3.0,9.0,10.0,1.0,1.0,3.0,2.0,2.0,2.0,2.25
2.0,2.0,2.0,2.0,2.0,2.0,10.0,9.0,3.0,2.0,10.0,9.0,5.0,2.0,3.0,3.0,3.0,3.0,3.0,3.0
4.0,4.0,4.0,4.0,4.0,4.0,6.0,7.0,6.0,3.0,4.0,8.0,10.0,2.0,,1.0,1.0,1.0,1.0,1.0
1.0,2.0,2.0,1.0,2.0,2.0,8.0,8.0,3.0,4.0,9.0,10.0,8.0,3.0,3.0,3.0,3.0,4.0,3.0,3.25
2.0,2.0,2.0,2.0,2.0,2.0,8.0,8.0,4.0,3.0,10.0,8.0,10.0,3.0,3.0,3.0,3.0,3.0,3.0,3.0
1.0,2.0,2.0,2.0,2.0,2.0,9.0,9.0,3.0,2.0,9.0,9.0,3.0,1.0,2.0,3.0,3.0,3.0,3.0,3.0
2.0,4.0,3.0,3.0,3.0,3.0,3.0,10.0,1.0,1.0,10.0,10.0,1.0,2.0,3.0,1.0,2.0,2.0,2.0,1.75
2.0,2.0,2.0,2.0,2.0,2.0,8.0,8.0,4.0,3.0,8.0,9.0,10.0,1.0,1.0,3.0,3.0,3.0,3.0,3.0
1.0,3.0,4.0,4.0,4.0,2.0,5.0,3.0,7.0,4.0,7.0,3.0,9.0,3.0,2.0,2.0,1.0,1.0,1.0,1.25
1.0,1.0,3.0,4.0,4.0,3.0,5.0,5.0,1.0,1.0,6.0,6.0,4.0,1.0,1.0,4.0,2.0,1.0,1.0,2.0
1.0,2.0,3.0,3.0,3.0,2.0,6.0,6.0,5.0,5.0,9.0,6.0,10.0,1.0,1.0,3.0,2.0,2.0,2.0,2.25
2.0,2.0,2.0,2.0,2.0,2.0,8.0,8.0,4.0,3.0,7.0,8.0,8.0,1.0,1.0,3.0,3.0,3.0,3.0,3.0
2.0,2.0,2.0,2.0,2.0,2.0,8.0,7.0,4.0,3.0,7.0,8.0,10.0,1.0,1.0,3.0,3.0,3.0,3.0,3.0
1.0,3.0,2.0,4.0,3.0,2.0,8.0,8.0,3.0,4.0,3.0,8.0,8.0,1.0,1.0,2.0,3.0,1.0,2.0,2.0
2.0,4.0,4.0,4.0,4.0,1.0,10.0,10.0,6.0,1.0,6.0,5.0,10.0,2.0,1.0,1.0,1.0,1.0,1.0,1.0
2.0,4.0,4.0,4.0,3.0,1.0,7.0,3.0,8.0,10.0,10.0,4.0,5.0,1.0,1.0,1.0,1.0,1.0,2.0,1.25
1.0,4.0,4.0,4.0,4.0,4.0,8.0,8.0,3.0,3.0,8.0,3.0,5.0,1.0,1.0,1.0,1.0,1.0,1.0,1.0
2.0,2.0,2.0,2.0,2.0,2.0,8.0,8.0,3.0,6.0,3.0,8.0,1.0,1.0,1.0,3.0,3.0,3.0,3.0,3.0
2.0,3.0,3.0,3.0,3.0,3.0,7.0,8.0,8.0,6.0,3.0,6.0,2.0,2.0,2.0,2.0,2.0,2.0,2.0,2.0
1.0,4.0,4.0,4.0,4.0,4.0,10.0,10.0,6.0,10.0,10.0,10.0,10.0,1.0,1.0,1.0,1.0,1.0,1.0,1.0
1.0,3.0,3.0,3.0,3.0,3.0,5.0,5.0,7.0,7.0,7.0,6.0,10.0,1.0,1.0,2.0,2.0,2.0,2.0,2.0
1.0,2.0,3.0,3.0,3.0,2.0,7.0,7.0,4.0,4.0,10.0,9.0,10.0,2.0,1.0,3.0,2.0,2.0,2.0,2.25
2.0,2.0,2.0,2.0,2.0,2.0,9.0,8.0,2.0,4.0,10.0,9.0,8.0,2.0,2.0,3.0,3.0,3.0,3.0,3.0
2.0,2.0,2.0,2.0,2.0,2.0,8.0,8.0,3.0,4.0,9.0,8.0,1.0,1.0,1.0,3.0,3.0,3.0,3.0,3.0
3.0,2.0,2.0,2.0,2.0,2.0,8.0,8.0,3.0,4.0,6.0,7.0,1.0,1.0,1.0,3.0,3.0,3.0,3.0,3.0
2.0,2.0,4.0,4.0,4.0,2.0,9.0,9.0,4.0,3.0,10.0,10.0,1.0,1.0,1.0,3.0,1.0,1.0,1.0,1.5
2.0,2.0,2.0,2.0,2.0,2.0,6.0,7.0,4.0,4.0,6.0,7.0,4.0,1.0,1.0,3.0,3.0,3.0,3.0,3.0
1.0,2.0,2.0,2.0,2.0,2.0,8.0,8.0,3.0,3.0,3.0,8.0,10.0,1.0,1.0,3.0,3.0,3.0,3.0,3.0
2.0,2.0,3.0,3.0,3.0,3.0,8.0,5.0,4.0,5.0,5.0,7.0,3.0,1.0,1.0,3.0,2.0,2.0,2.0,2.25
1.0,3.0,3.0,4.0,3.0,3.0,5.0,5.0,6.0,6.0,6.0,5.0,6.0,1.0,1.0,2.0,2.0,1.0,2.0,1.75
3.0,3.0,3.0,3.0,3.0,2.0,10.0,7.0,4.0,6.0,10.0,3.0,8.0,2.0,2.0,2.0,2.0,2.0,2.0,2.0
2.0,3.0,3.0,3.0,3.0,3.0,7.0,7.0,4.0,4.0,9.0,5.0,5.0,1.0,1.0,2.0,2.0,2.0,2.0,2.0
2.0,2.0,2.0,2.0,2.0,2.0,8.0,7.0,3.0,3.0,7.0,8.0,8.0,1.0,1.0,3.0,3.0,3.0,3.0,3.0
2.0,2.0,3.0,3.0,4.0,4.0,7.0,8.0,4.0,4.0,9.0,8.0,8.0,1.0,1.0,3.0,2.0,2.0,1.0,2.0
1.0,3.0,3.0,3.0,3.0,2.0,5.0,8.0,6.0,9.0,3.0,8.0,6.0,1.0,1.0,2.0,2.0,2.0,2.0,2.0
2.0,2.0,2.0,2.0,2.0,2.0,9.0,9.0,2.0,3.0,8.0,8.0,5.0,1.0,1.0,3.0,3.0,3.0,3.0,3.0
1.0,3.0,3.0,3.0,3.0,3.0,3.0,3.0,8.0,9.0,10.0,1.0,5.0,1.0,1.0,2.0,2.0,2.0,2.0,2.0
2.0,2.0,3.0,2.0,3.0,2.0,8.0,8.0,3.0,3.0,8.0,8.0,10.0,1.0,1.0,3.0,2.0,3.0,2.0,2.5
2.0,2.0,3.0,3.0,3.0,2.0,8.0,6.0,5.0,3.0,8.0,7.0,7.0,2.0,1.0,3.0,2.0,2.0,2.0,2.25
2.0,3.0,3.0,3.0,3.0,2.0,8.0,9.0,6.0,6.0,8.0,9.0,8.0,2.0,2.0,2.0,2.0,2.0,2.0,2.0
2.0,3.0,3.0,3.0,3.0,3.0,7.0,7.0,6.0,6.0,6.0,6.0,6.0,1.0,1.0,2.0,2.0,2.0,2.0,2.0
2.0,3.0,2.0,3.0,2.0,2.0,8.0,8.0,3.0,3.0,3.0,8.0,10.0,1.0,,2.0,3.0,2.0,3.0,2.5
1.0,2.0,2.0,2.0,3.0,2.0,6.0,6.0,5.0,5.0,5.0,6.0,10.0,1.0,1.0,3.0,3.0,3.0,2.0,2.75
2.0,2.0,3.0,3.0,2.0,4.0,8.0,8.0,4.0,4.0,7.0,8.0,1.0,1.0,1.0,3.0,2.0,2.0,3.0,2.5
3.0,4.0,3.0,4.0,4.0,2.0,8.0,8.0,10.0,10.0,8.0,3.0,1.0,1.0,3.0,1.0,2.0,1.0,1.0,1.25
1.0,3.0,3.0,3.0,3.0,2.0,6.0,6.0,5.0,5.0,5.0,6.0,10.0,1.0,1.0,2.0,2.0,2.0,2.0,2.0
3.0,3.0,3.0,4.0,4.0,3.0,10.0,6.0,3.0,3.0,10.0,8.0,8.0,2.0,2.0,2.0,2.0,1.0,1.0,1.5
1.0,3.0,2.0,3.0,2.0,2.0,5.0,5.0,6.0,6.0,6.0,5.0,10.0,,,2.0,3.0,2.0,3.0,2.5
4.0,3.0,4.0,4.0,4.0,3.0,8.0,8.0,10.0,9.0,10.0,8.0,3.0,2.0,1.0,2.0,1.0,1.0,1.0,1.25
2.0,3.0,4.0,4.0,4.0,4.0,9.0,9.0,3.0,3.0,7.0,6.0,1.0,1.0,1.0,2.0,1.0,1.0,1.0,1.25
2.0,3.0,2.0,4.0,3.0,2.0,7.0,8.0,7.0,7.0,8.0,2.0,3.0,2.0,2.0,2.0,3.0,1.0,2.0,2.0
2.0,3.0,3.0,4.0,4.0,2.0,5.0,8.0,8.0,6.0,8.0,3.0,1.0,1.0,2.0,2.0,2.0,1.0,1.0,1.5
2.0,2.0,2.0,2.0,2.0,2.0,8.0,7.0,3.0,3.0,7.0,7.0,1.0,1.0,1.0,3.0,3.0,3.0,3.0,3.0
2.0,3.0,3.0,3.0,3.0,2.0,3.0,7.0,5.0,3.0,5.0,8.0,10.0,1.0,1.0,2.0,2.0,2.0,2.0,2.0
1.0,2.0,3.0,3.0,3.0,3.0,9.0,9.0,3.0,8.0,3.0,7.0,5.0,1.0,1.0,3.0,2.0,2.0,2.0,2.25
1.0,4.0,3.0,3.0,2.0,3.0,5.0,5.0,6.0,6.0,6.0,5.0,5.0,1.0,1.0,1.0,2.0,2.0,3.0,2.0
1.0,1.0,2.0,2.0,3.0,2.0,5.0,5.0,6.0,6.0,6.0,5.0,5.0,3.0,3.0,4.0,3.0,3.0,2.0,3.0
1.0,1.0,3.0,3.0,3.0,3.0,5.0,5.0,6.0,6.0,6.0,5.0,5.0,1.0,1.0,4.0,2.0,2.0,2.0,2.5
2.0,2.0,3.0,3.0,2.0,2.0,5.0,5.0,6.0,6.0,6.0,5.0,5.0,2.0,2.0,3.0,2.0,2.0,3.0,2.5
2.0,3.0,3.0,3.0,3.0,2.0,8.0,8.0,3.0,3.0,7.0,8.0,3.0,1.0,1.0,2.0,2.0,2.0,2.0,2.0
2.0,3.0,3.0,4.0,4.0,2.0,8.0,8.0,4.0,3.0,8.0,5.0,9.0,3.0,3.0,2.0,2.0,1.0,1.0,1.5
1.0,2.0,2.0,4.0,4.0,4.0,8.0,8.0,3.0,3.0,3.0,8.0,10.0,1.0,1.0,3.0,3.0,1.0,1.0,2.0
1.0,4.0,,4.0,1.0,3.0,5.0,5.0,6.0,6.0,6.0,5.0,5.0,1.0,1.0,1.0,,1.0,4.0,
1.0,2.0,2.0,3.0,3.0,3.0,5.0,5.0,6.0,6.0,6.0,5.0,5.0,1.0,1.0,3.0,3.0,2.0,2.0,2.5
1.0,3.0,1.0,2.0,3.0,1.0,5.0,5.0,6.0,6.0,6.0,5.0,5.0,1.0,1.0,2.0,4.0,3.0,2.0,2.75
1.0,4.0,1.0,1.0,2.0,1.0,5.0,5.0,6.0,6.0,6.0,5.0,5.0,1.0,1.0,1.0,4.0,4.0,3.0,3.0
2.0,2.0,3.0,3.0,3.0,2.0,8.0,8.0,6.0,6.0,6.0,10.0,10.0,1.0,1.0,3.0,2.0,2.0,2.0,2.25
2.0,2.0,3.0,3.0,3.0,2.0,9.0,8.0,5.0,9.0,4.0,1.0,8.0,1.0,1.0,3.0,2.0,2.0,2.0,2.25
1.0,3.0,3.0,,3.0,3.0,10.0,10.0,1.0,4.0,10.0,3.0,1.0,1.0,3.0,2.0,2.0,,2.0,
2.0,2.0,2.0,2.0,2.0,2.0,7.0,8.0,3.0,3.0,7.0,8.0,7.0,2.0,2.0,3.0,3.0,3.0,3.0,3.0
1.0,2.0,2.0,3.0,2.0,2.0,9.0,9.0,4.0,3.0,10.0,9.0,8.0,1.0,1.0,3.0,3.0,2.0,3.0,2.75
2.0,2.0,2.0,2.0,2.0,2.0,9.0,9.0,3.0,2.0,7.0,9.0,6.0,1.0,1.0,3.0,3.0,3.0,3.0,3.0
1.0,3.0,3.0,3.0,3.0,2.0,8.0,8.0,2.0,2.0,7.0,8.0,8.0,1.0,2.0,2.0,2.0,2.0,2.0,2.0
3.0,3.0,4.0,3.0,3.0,2.0,2.0,3.0,10.0,6.0,10.0,5.0,1.0,1.0,2.0,2.0,1.0,2.0,2.0,1.75
2.0,3.0,2.0,3.0,3.0,2.0,7.0,7.0,9.0,10.0,10.0,5.0,1.0,1.0,2.0,2.0,3.0,2.0,2.0,2.25
2.0,3.0,3.0,2.0,2.0,2.0,7.0,9.0,3.0,3.0,7.0,9.0,4.0,1.0,1.0,2.0,2.0,3.0,3.0,2.5
1.0,2.0,4.0,4.0,4.0,2.0,9.0,9.0,3.0,2.0,10.0,10.0,3.0,2.0,2.0,3.0,1.0,1.0,1.0,1.5
1.0,4.0,4.0,4.0,4.0,1.0,5.0,5.0,6.0,6.0,6.0,5.0,5.0,3.0,3.0,1.0,1.0,1.0,1.0,1.0
2.0,3.0,3.0,3.0,3.0,1.0,5.0,5.0,6.0,6.0,9.0,9.0,8.0,2.0,1.0,2.0,2.0,2.0,2.0,2.0
1.0,3.0,4.0,4.0,4.0,3.0,10.0,5.0,5.0,5.0,10.0,7.0,10.0,2.0,2.0,2.0,1.0,1.0,1.0,1.25
1.0,3.0,2.0,3.0,2.0,3.0,6.0,7.0,2.0,4.0,7.0,9.0,9.0,2.0,2.0,2.0,3.0,2.0,3.0,2.5
1.0,3.0,3.0,3.0,3.0,3.0,10.0,10.0,10.0,10.0,10.0,10.0,10.0,1.0,2.0,2.0,2.0,2.0,2.0,2.0
3.0,3.0,3.0,3.0,3.0,3.0,8.0,8.0,6.0,6.0,5.0,10.0,5.0,1.0,1.0,2.0,2.0,2.0,2.0,2.0
2.0,2.0,2.0,2.0,2.0,2.0,8.0,8.0,4.0,4.0,7.0,8.0,4.0,1.0,1.0,3.0,3.0,3.0,3.0,3.0
2.0,2.0,2.0,2.0,2.0,2.0,8.0,8.0,1.0,2.0,7.0,9.0,8.0,1.0,1.0,3.0,3.0,3.0,3.0,3.0
1.0,3.0,3.0,3.0,3.0,2.0,7.0,7.0,3.0,4.0,8.0,6.0,10.0,1.0,2.0,2.0,2.0,2.0,2.0,2.0
2.0,3.0,3.0,3.0,3.0,2.0,8.0,7.0,3.0,3.0,10.0,10.0,10.0,2.0,3.0,2.0,2.0,2.0,2.0,2.0
1.0,3.0,3.0,4.0,3.0,2.0,9.0,9.0,5.0,5.0,8.0,7.0,2.0,1.0,1.0,2.0,2.0,1.0,2.0,1.75
2.0,2.0,2.0,2.0,2.0,2.0,10.0,10.0,10.0,1.0,10.0,10.0,5.0,1.0,1.0,3.0,3.0,3.0,3.0,3.0
2.0,2.0,2.0,2.0,2.0,2.0,7.0,7.0,4.0,4.0,6.0,8.0,8.0,1.0,1.0,3.0,3.0,3.0,3.0,3.0
3.0,2.0,3.0,3.0,3.0,3.0,7.0,8.0,4.0,3.0,6.0,8.0,7.0,1.0,1.0,3.0,2.0,2.0,2.0,2.25
2.0,3.0,2.0,4.0,3.0,2.0,7.0,6.0,4.0,4.0,7.0,5.0,8.0,1.0,1.0,2.0,3.0,1.0,2.0,2.0
2.0,2.0,3.0,4.0,3.0,2.0,5.0,5.0,2.0,6.0,6.0,5.0,5.0,1.0,1.0,3.0,2.0,1.0,2.0,2.0
2.0,2.0,2.0,3.0,3.0,3.0,7.0,7.0,4.0,4.0,5.0,6.0,9.0,2.0,2.0,3.0,3.0,2.0,2.0,2.5
2.0,2.0,4.0,4.0,4.0,2.0,10.0,10.0,3.0,8.0,10.0,9.0,8.0,1.0,1.0,3.0,1.0,1.0,1.0,1.5
2.0,3.0,3.0,3.0,2.0,2.0,10.0,10.0,1.0,10.0,10.0,5.0,2.0,1.0,1.0,2.0,2.0,2.0,3.0,2.25
2.0,2.0,3.0,2.0,3.0,2.0,5.0,5.0,3.0,6.0,10.0,5.0,1.0,,1.0,3.0,2.0,3.0,2.0,2.5
2.0,3.0,2.0,2.0,2.0,2.0,6.0,6.0,5.0,5.0,5.0,9.0,5.0,1.0,1.0,2.0,3.0,3.0,3.0,2.75
2.0,3.0,3.0,3.0,3.0,2.0,10.0,10.0,6.0,6.0,9.0,10.0,5.0,1.0,1.0,2.0,2.0,2.0,2.0,2.0
1.0,4.0,4.0,4.0,4.0,3.0,10.0,10.0,5.0,10.0,10.0,3.0,10.0,1.0,2.0,1.0,1.0,1.0,1.0,1.0
1.0,2.0,2.0,2.0,2.0,2.0,7.0,7.0,5.0,3.0,8.0,9.0,1.0,1.0,1.0,3.0,3.0,3.0,3.0,3.0
1.0,3.0,3.0,3.0,3.0,2.0,8.0,8.0,2.0,3.0,10.0,10.0,10.0,2.0,2.0,2.0,2.0,2.0,2.0,2.0
2.0,2.0,4.0,4.0,4.0,3.0,9.0,8.0,5.0,5.0,9.0,5.0,10.0,1.0,2.0,3.0,1.0,1.0,1.0,1.5
1.0,3.0,3.0,3.0,3.0,2.0,9.0,9.0,4.0,3.0,9.0,8.0,10.0,2.0,2.0,2.0,2.0,2.0,2.0,2.0
2.0,3.0,2.0,2.0,3.0,1.0,8.0,8.0,3.0,9.0,8.0,2.0,5.0,1.0,1.0,2.0,3.0,3.0,2.0,2.5
1.0,3.0,3.0,3.0,3.0,3.0,9.0,9.0,4.0,3.0,10.0,10.0,8.0,1.0,1.0,2.0,2.0,2.0,2.0,2.0
2.0,3.0,3.0,3.0,3.0,2.0,7.0,7.0,6.0,6.0,7.0,5.0,4.0,1.0,1.0,2.0,2.0,2.0,2.0,2.0
1.0,3.0,3.0,3.0,3.0,2.0,6.0,6.0,4.0,6.0,4.0,8.0,9.0,1.0,,2.0,2.0,2.0,2.0,2.0
1.0,3.0,3.0,3.0,4.0,3.0,8.0,8.0,7.0,7.0,8.0,4.0,3.0,2.0,1.0,2.0,2.0,2.0,1.0,1.75
1.0,4.0,4.0,4.0,4.0,1.0,5.0,5.0,6.0,6.0,6.0,5.0,5.0,3.0,3.0,1.0,1.0,1.0,1.0,1.0
1.0,3.0,4.0,4.0,4.0,3.0,8.0,8.0,7.0,5.0,9.0,7.0,6.0,3.0,3.0,2.0,1.0,1.0,1.0,1.25
1.0,1.0,1.0,1.0,1.0,1.0,10.0,10.0,1.0,1.0,1.0,10.0,10.0,3.0,3.0,4.0,4.0,4.0,4.0,4.0
3.0,3.0,3.0,3.0,3.0,3.0,8.0,8.0,10.0,10.0,4.0,7.0,1.0,,,2.0,2.0,2.0,2.0,2.0
1.0,3.0,4.0,4.0,4.0,4.0,8.0,9.0,7.0,,,7.0,10.0,1.0,2.0,2.0,1.0,1.0,1.0,1.25
2.0,2.0,3.0,3.0,3.0,2.0,8.0,7.0,3.0,8.0,9.0,9.0,10.0,1.0,1.0,3.0,2.0,2.0,2.0,2.25
1.0,3.0,3.0,3.0,3.0,2.0,5.0,5.0,6.0,6.0,6.0,7.0,8.0,1.0,1.0,2.0,2.0,2.0,2.0,2.0
,3.0,3.0,3.0,3.0,2.0,7.0,8.0,7.0,7.0,7.0,6.0,8.0,3.0,2.0,2.0,2.0,2.0,2.0,2.0
2.0,3.0,3.0,3.0,3.0,2.0,8.0,8.0,5.0,5.0,9.0,7.0,8.0,3.0,3.0,2.0,2.0,2.0,2.0,2.0
2.0,2.0,3.0,2.0,3.0,3.0,8.0,8.0,4.0,5.0,7.0,5.0,3.0,1.0,2.0,3.0,2.0,3.0,2.0,2.5
2.0,2.0,3.0,3.0,3.0,2.0,8.0,5.0,5.0,4.0,7.0,3.0,9.0,,,3.0,2.0,2.0,2.0,2.25
2.0,3.0,3.0,3.0,3.0,2.0,8.0,6.0,5.0,5.0,5.0,8.0,6.0,1.0,1.0,2.0,2.0,2.0,2.0,2.0
1.0,3.0,4.0,4.0,4.0,2.0,5.0,8.0,6.0,4.0,8.0,4.0,8.0,1.0,2.0,2.0,1.0,1.0,1.0,1.25
2.0,3.0,3.0,3.0,3.0,2.0,6.0,7.0,4.0,6.0,7.0,6.0,10.0,1.0,1.0,2.0,2.0,2.0,2.0,2.0
2.0,3.0,3.0,3.0,3.0,2.0,8.0,5.0,2.0,2.0,4.0,9.0,10.0,1.0,1.0,2.0,2.0,2.0,2.0,2.0
2.0,2.0,2.0,2.0,2.0,2.0,8.0,9.0,3.0,3.0,8.0,8.0,10.0,1.0,2.0,3.0,3.0,3.0,3.0,3.0
1.0,3.0,4.0,4.0,4.0,1.0,10.0,10.0,10.0,10.0,1.0,5.0,10.0,1.0,1.0,2.0,1.0,1.0,1.0,1.25
2.0,3.0,3.0,3.0,3.0,2.0,8.0,10.0,7.0,6.0,10.0,8.0,10.0,1.0,1.0,2.0,2.0,2.0,2.0,2.0
3.0,3.0,4.0,4.0,4.0,4.0,10.0,3.0,1.0,3.0,10.0,8.0,1.0,3.0,2.0,2.0,1.0,1.0,1.0,1.25
2.0,3.0,2.0,3.0,2.0,2.0,8.0,8.0,4.0,5.0,6.0,7.0,10.0,1.0,2.0,2.0,3.0,2.0,3.0,2.5
1.0,2.0,2.0,4.0,4.0,4.0,10.0,9.0,5.0,3.0,9.0,8.0,9.0,1.0,2.0,3.0,3.0,1.0,1.0,2.0
1.0,4.0,4.0,4.0,4.0,1.0,5.0,5.0,6.0,6.0,6.0,5.0,6.0,2.0,3.0,1.0,1.0,1.0,1.0,1.0
2.0,4.0,4.0,4.0,4.0,2.0,8.0,8.0,3.0,3.0,8.0,6.0,10.0,1.0,1.0,1.0,1.0,1.0,1.0,1.0
2.0,4.0,2.0,3.0,2.0,2.0,7.0,9.0,5.0,5.0,1.0,10.0,10.0,1.0,1.0,1.0,3.0,2.0,3.0,2.25
2.0,3.0,2.0,3.0,2.0,1.0,8.0,9.0,3.0,6.0,6.0,10.0,5.0,,,2.0,3.0,2.0,3.0,2.5
2.0,2.0,3.0,3.0,3.0,2.0,8.0,8.0,4.0,3.0,7.0,7.0,9.0,1.0,1.0,3.0,2.0,2.0,2.0,2.25
3.0,3.0,3.0,3.0,3.0,2.0,6.0,6.0,4.0,5.0,7.0,4.0,5.0,1.0,1.0,2.0,2.0,2.0,2.0,2.0
1.0,3.0,2.0,3.0,2.0,2.0,10.0,10.0,8.0,8.0,3.0,10.0,5.0,1.0,1.0,2.0,3.0,2.0,3.0,2.5
1.0,4.0,3.0,4.0,4.0,1.0,9.0,10.0,4.0,,10.0,1.0,10.0,2.0,3.0,1.0,2.0,1.0,1.0,1.25
2.0,3.0,2.0,4.0,4.0,1.0,9.0,9.0,8.0,8.0,8.0,9.0,10.0,2.0,2.0,2.0,3.0,1.0,1.0,1.75
2.0,3.0,2.0,4.0,4.0,2.0,9.0,9.0,1.0,4.0,1.0,10.0,10.0,,,2.0,3.0,1.0,1.0,1.75
2.0,4.0,4.0,2.0,3.0,2.0,7.0,7.0,7.0,7.0,5.0,8.0,10.0,1.0,1.0,1.0,1.0,3.0,2.0,1.75
2.0,4.0,4.0,4.0,4.0,2.0,7.0,5.0,8.0,6.0,10.0,4.0,10.0,2.0,2.0,1.0,1.0,1.0,1.0,1.0
2.0,2.0,2.0,2.0,2.0,2.0,7.0,6.0,3.0,4.0,6.0,5.0,4.0,1.0,1.0,3.0,3.0,3.0,3.0,3.0
2.0,2.0,2.0,2.0,2.0,2.0,7.0,7.0,3.0,4.0,4.0,3.0,5.0,1.0,2.0,3.0,3.0,3.0,3.0,3.0
2.0,2.0,2.0,2.0,2.0,2.0,6.0,4.0,6.0,4.0,4.0,4.0,7.0,2.0,2.0,3.0,3.0,3.0,3.0,3.0
2.0,2.0,2.0,4.0,3.0,1.0,5.0,5.0,4.0,,7.0,4.0,10.0,1.0,3.0,3.0,3.0,1.0,2.0,2.25
1.0,2.0,2.0,3.0,3.0,2.0,9.0,9.0,4.0,5.0,9.0,6.0,5.0,1.0,1.0,3.0,3.0,2.0,2.0,2.5
1.0,4.0,4.0,4.0,4.0,2.0,5.0,5.0,6.0,6.0,6.0,5.0,5.0,2.0,2.0,1.0,1.0,1.0,1.0,1.0
2.0,3.0,3.0,3.0,3.0,2.0,8.0,8.0,6.0,6.0,7.0,6.0,3.0,2.0,3.0,2.0,2.0,2.0,2.0,2.0
2.0,3.0,,3.0,,2.0,9.0,7.0,6.0,6.0,9.0,6.0,3.0,1.0,2.0,2.0,,2.0,,
2.0,3.0,2.0,3.0,2.0,3.0,9.0,9.0,2.0,2.0,6.0,8.0,5.0,,,2.0,3.0,2.0,3.0,2.5
1.0,3.0,3.0,3.0,3.0,2.0,8.0,4.0,10.0,7.0,3.0,7.0,1.0,3.0,3.0,2.0,2.0,2.0,2.0,2.0
2.0,2.0,1.0,3.0,3.0,2.0,6.0,8.0,7.0,4.0,4.0,4.0,4.0,3.0,3.0,3.0,4.0,2.0,2.0,2.75
2.0,2.0,3.0,3.0,3.0,2.0,7.0,7.0,3.0,4.0,9.0,8.0,7.0,2.0,2.0,3.0,2.0,2.0,2.0,2.25
1.0,2.0,3.0,3.0,3.0,2.0,5.0,5.0,7.0,6.0,6.0,5.0,10.0,1.0,1.0,3.0,2.0,2.0,2.0,2.25
2.0,2.0,2.0,2.0,2.0,2.0,8.0,5.0,3.0,4.0,8.0,5.0,7.0,3.0,2.0,3.0,3.0,3.0,3.0,3.0
2.0,2.0,2.0,2.0,2.0,2.0,9.0,8.0,4.0,6.0,10.0,8.0,7.0,2.0,3.0,3.0,3.0,3.0,3.0,3.0
2.0,2.0,2.0,2.0,2.0,2.0,7.0,6.0,5.0,5.0,5.0,6.0,4.0,2.0,2.0,3.0,3.0,3.0,3.0,3.0
2.0,2.0,2.0,2.0,2.0,2.0,6.0,8.0,6.0,2.0,7.0,7.0,5.0,1.0,2.0,3.0,3.0,3.0,3.0,3.0
2.0,2.0,2.0,2.0,2.0,2.0,8.0,4.0,4.0,4.0,3.0,4.0,6.0,1.0,1.0,3.0,3.0,3.0,3.0,3.0
2.0,2.0,2.0,2.0,2.0,2.0,7.0,6.0,6.0,6.0,7.0,6.0,4.0,1.0,1.0,3.0,3.0,3.0,3.0,3.0
2.0,2.0,2.0,2.0,2.0,2.0,7.0,6.0,1.0,3.0,7.0,8.0,7.0,1.0,1.0,3.0,3.0,3.0,3.0,3.0
2.0,2.0,2.0,2.0,2.0,2.0,8.0,8.0,3.0,5.0,10.0,10.0,5.0,2.0,2.0,3.0,3.0,3.0,3.0,3.0
2.0,3.0,2.0,2.0,2.0,2.0,8.0,7.0,4.0,3.0,10.0,9.0,5.0,2.0,2.0,2.0,3.0,3.0,3.0,2.75
3.0,2.0,2.0,2.0,2.0,2.0,8.0,7.0,4.0,4.0,8.0,8.0,10.0,1.0,1.0,3.0,3.0,3.0,3.0,3.0
3.0,3.0,2.0,2.0,2.0,1.0,6.0,6.0,5.0,5.0,7.0,7.0,10.0,1.0,1.0,2.0,3.0,3.0,3.0,2.75
2.0,2.0,2.0,2.0,2.0,2.0,8.0,6.0,5.0,5.0,9.0,8.0,6.0,2.0,2.0,3.0,3.0,3.0,3.0,3.0
2.0,3.0,3.0,4.0,4.0,4.0,7.0,8.0,6.0,6.0,8.0,4.0,7.0,1.0,1.0,2.0,2.0,1.0,1.0,1.5
1.0,2.0,4.0,4.0,4.0,2.0,8.0,8.0,4.0,3.0,9.0,8.0,1.0,2.0,2.0,3.0,1.0,1.0,1.0,1.5
3.0,3.0,2.0,3.0,3.0,2.0,7.0,7.0,4.0,4.0,7.0,7.0,10.0,1.0,1.0,2.0,3.0,2.0,2.0,2.25
2.0,3.0,3.0,3.0,3.0,2.0,7.0,7.0,5.0,6.0,9.0,7.0,6.0,1.0,1.0,2.0,2.0,2.0,2.0,2.0
3.0,3.0,3.0,3.0,3.0,2.0,7.0,6.0,4.0,7.0,5.0,7.0,5.0,2.0,2.0,2.0,2.0,2.0,2.0,2.0
1.0,3.0,1.0,2.0,2.0,2.0,5.0,5.0,6.0,6.0,6.0,8.0,8.0,1.0,1.0,2.0,4.0,3.0,3.0,3.0
2.0,2.0,2.0,2.0,2.0,2.0,8.0,8.0,6.0,6.0,4.0,6.0,8.0,1.0,2.0,3.0,3.0,3.0,3.0,3.0
2.0,2.0,2.0,2.0,2.0,2.0,9.0,8.0,5.0,5.0,10.0,7.0,7.0,1.0,1.0,3.0,3.0,3.0,3.0,3.0
2.0,2.0,2.0,2.0,2.0,2.0,9.0,8.0,3.0,3.0,9.0,8.0,5.0,2.0,2.0,3.0,3.0,3.0,3.0,3.0
2.0,4.0,4.0,4.0,4.0,2.0,7.0,7.0,6.0,5.0,8.0,6.0,2.0,2.0,2.0,1.0,1.0,1.0,1.0,1.0
2.0,2.0,3.0,3.0,3.0,2.0,6.0,6.0,5.0,7.0,10.0,8.0,5.0,2.0,3.0,3.0,2.0,2.0,2.0,2.25
2.0,2.0,2.0,2.0,2.0,2.0,8.0,7.0,6.0,5.0,8.0,6.0,7.0,2.0,2.0,3.0,3.0,3.0,3.0,3.0
2.0,2.0,2.0,2.0,2.0,2.0,9.0,8.0,4.0,6.0,9.0,7.0,7.0,2.0,2.0,3.0,3.0,3.0,3.0,3.0
2.0,2.0,2.0,2.0,2.0,2.0,9.0,8.0,4.0,6.0,8.0,8.0,8.0,1.0,1.0,3.0,3.0,3.0,3.0,3.0
2.0,3.0,3.0,3.0,3.0,2.0,8.0,7.0,6.0,6.0,9.0,8.0,3.0,3.0,2.0,2.0,2.0,2.0,2.0,2.0
2.0,2.0,2.0,2.0,2.0,2.0,8.0,7.0,4.0,6.0,9.0,8.0,8.0,1.0,2.0,3.0,3.0,3.0,3.0,3.0
2.0,2.0,2.0,2.0,2.0,2.0,8.0,7.0,4.0,6.0,9.0,7.0,8.0,2.0,2.0,3.0,3.0,3.0,3.0,3.0
2.0,2.0,2.0,2.0,2.0,2.0,6.0,6.0,5.0,5.0,4.0,5.0,7.0,1.0,1.0,3.0,3.0,3.0,3.0,3.0
3.0,3.0,3.0,3.0,3.0,2.0,3.0,4.0,6.0,5.0,9.0,3.0,5.0,1.0,2.0,2.0,2.0,2.0,2.0,2.0
2.0,2.0,2.0,2.0,2.0,2.0,8.0,8.0,3.0,6.0,10.0,8.0,5.0,2.0,2.0,3.0,3.0,3.0,3.0,3.0
2.0,2.0,3.0,3.0,3.0,1.0,6.0,6.0,2.0,4.0,6.0,7.0,3.0,2.0,2.0,3.0,2.0,2.0,2.0,2.25
2.0,2.0,2.0,2.0,2.0,2.0,7.0,7.0,4.0,4.0,7.0,8.0,9.0,1.0,1.0,3.0,3.0,3.0,3.0,3.0
3.0,3.0,3.0,3.0,3.0,3.0,9.0,7.0,4.0,4.0,9.0,7.0,3.0,2.0,3.0,2.0,2.0,2.0,2.0,2.0
2.0,2.0,2.0,2.0,2.0,2.0,9.0,8.0,3.0,3.0,10.0,7.0,9.0,1.0,1.0,3.0,3.0,3.0,3.0,3.0
2.0,2.0,2.0,2.0,2.0,2.0,7.0,7.0,3.0,4.0,7.0,8.0,8.0,1.0,2.0,3.0,3.0,3.0,3.0,3.0
2.0,2.0,3.0,3.0,3.0,2.0,8.0,7.0,4.0,5.0,10.0,8.0,5.0,2.0,2.0,3.0,2.0,2.0,2.0,2.25
2.0,3.0,3.0,3.0,3.0,2.0,7.0,7.0,4.0,2.0,9.0,7.0,6.0,1.0,2.0,2.0,2.0,2.0,2.0,2.0
3.0,3.0,3.0,3.0,3.0,3.0,6.0,6.0,5.0,5.0,6.0,7.0,8.0,1.0,1.0,2.0,2.0,2.0,2.0,2.0
2.0,4.0,4.0,4.0,4.0,4.0,9.0,3.0,10.0,9.0,10.0,3.0,1.0,3.0,3.0,1.0,1.0,1.0,1.0,1.0
1.0,4.0,3.0,4.0,4.0,3.0,10.0,10.0,10.0,10.0,8.0,5.0,1.0,,,1.0,2.0,1.0,1.0,1.25
2.0,1.0,1.0,1.0,1.0,3.0,5.0,2.0,3.0,1.0,6.0,5.0,5.0,1.0,1.0,4.0,4.0,4.0,4.0,4.0
2.0,2.0,2.0,2.0,2.0,2.0,7.0,7.0,5.0,5.0,4.0,7.0,4.0,3.0,3.0,3.0,3.0,3.0,3.0,3.0
2.0,2.0,2.0,2.0,2.0,2.0,7.0,7.0,5.0,6.0,3.0,5.0,8.0,1.0,1.0,3.0,3.0,3.0,3.0,3.0
2.0,2.0,2.0,2.0,2.0,2.0,8.0,7.0,6.0,6.0,10.0,8.0,5.0,3.0,3.0,3.0,3.0,3.0,3.0,3.0
2.0,2.0,2.0,2.0,2.0,2.0,7.0,6.0,6.0,5.0,7.0,6.0,6.0,1.0,1.0,3.0,3.0,3.0,3.0,3.0
2.0,2.0,2.0,2.0,2.0,2.0,6.0,6.0,6.0,6.0,6.0,7.0,4.0,1.0,1.0,3.0,3.0,3.0,3.0,3.0
2.0,2.0,2.0,2.0,2.0,2.0,7.0,6.0,5.0,5.0,8.0,6.0,7.0,2.0,3.0,3.0,3.0,3.0,3.0,3.0
2.0,2.0,3.0,3.0,3.0,2.0,7.0,7.0,3.0,4.0,7.0,7.0,8.0,1.0,1.0,3.0,2.0,2.0,2.0,2.25
2.0,2.0,2.0,2.0,2.0,2.0,8.0,7.0,4.0,4.0,10.0,8.0,10.0,2.0,3.0,3.0,3.0,3.0,3.0,3.0
2.0,2.0,3.0,3.0,3.0,2.0,10.0,9.0,2.0,1.0,10.0,9.0,9.0,2.0,2.0,3.0,2.0,2.0,2.0,2.25
2.0,2.0,2.0,2.0,2.0,2.0,8.0,8.0,3.0,5.0,10.0,8.0,5.0,2.0,2.0,3.0,3.0,3.0,3.0,3.0
3.0,3.0,3.0,3.0,3.0,3.0,7.0,8.0,4.0,3.0,8.0,7.0,5.0,1.0,1.0,2.0,2.0,2.0,2.0,2.0
3.0,3.0,3.0,3.0,3.0,2.0,7.0,7.0,4.0,3.0,8.0,7.0,6.0,1.0,1.0,2.0,2.0,2.0,2.0,2.0
2.0,3.0,3.0,3.0,3.0,3.0,8.0,8.0,3.0,3.0,10.0,7.0,5.0,1.0,1.0,2.0,2.0,2.0,2.0,2.0
2.0,3.0,3.0,3.0,3.0,3.0,8.0,7.0,4.0,6.0,10.0,8.0,5.0,2.0,2.0,2.0,2.0,2.0,2.0,2.0
2.0,2.0,4.0,4.0,4.0,2.0,10.0,9.0,2.0,4.0,10.0,9.0,3.0,2.0,2.0,3.0,1.0,1.0,1.0,1.5
2.0,2.0,3.0,3.0,3.0,2.0,8.0,7.0,4.0,4.0,7.0,7.0,7.0,3.0,2.0,3.0,2.0,2.0,2.0,2.25
3.0,4.0,4.0,4.0,4.0,2.0,8.0,9.0,6.0,5.0,10.0,6.0,9.0,3.0,3.0,1.0,1.0,1.0,1.0,1.0
2.0,3.0,2.0,3.0,3.0,2.0,5.0,7.0,3.0,3.0,6.0,8.0,10.0,1.0,1.0,2.0,3.0,2.0,2.0,2.25
3.0,1.0,4.0,4.0,4.0,2.0,8.0,6.0,8.0,8.0,9.0,3.0,4.0,1.0,1.0,4.0,1.0,1.0,1.0,1.75
2.0,3.0,4.0,3.0,3.0,3.0,9.0,9.0,1.0,3.0,4.0,3.0,8.0,2.0,2.0,2.0,1.0,2.0,2.0,1.75
2.0,2.0,2.0,3.0,3.0,3.0,7.0,7.0,4.0,5.0,10.0,10.0,3.0,1.0,1.0,3.0,3.0,2.0,2.0,2.5
3.0,3.0,4.0,4.0,4.0,1.0,6.0,6.0,5.0,4.0,8.0,7.0,5.0,1.0,1.0,2.0,1.0,1.0,1.0,1.25
1.0,3.0,3.0,4.0,4.0,1.0,7.0,6.0,5.0,5.0,9.0,5.0,10.0,3.0,1.0,2.0,2.0,1.0,1.0,1.5
4.0,2.0,3.0,4.0,3.0,3.0,5.0,8.0,4.0,3.0,5.0,1.0,6.0,1.0,3.0,3.0,2.0,1.0,2.0,2.0
2.0,2.0,3.0,3.0,3.0,2.0,5.0,8.0,5.0,4.0,10.0,2.0,5.0,1.0,1.0,3.0,2.0,2.0,2.0,2.25
2.0,3.0,3.0,1.0,3.0,2.0,6.0,6.0,3.0,3.0,1.0,10.0,10.0,1.0,1.0,2.0,2.0,4.0,2.0,2.5
2.0,3.0,3.0,3.0,3.0,2.0,7.0,8.0,10.0,10.0,10.0,10.0,10.0,1.0,1.0,2.0,2.0,2.0,2.0,2.0
2.0,3.0,2.0,3.0,3.0,2.0,6.0,7.0,7.0,6.0,4.0,8.0,7.0,1.0,1.0,2.0,3.0,2.0,2.0,2.25
3.0,2.0,2.0,4.0,2.0,2.0,9.0,8.0,3.0,2.0,10.0,7.0,9.0,1.0,2.0,3.0,3.0,1.0,3.0,2.5
2.0,1.0,2.0,3.0,3.0,2.0,4.0,3.0,3.0,2.0,9.0,3.0,3.0,1.0,1.0,4.0,3.0,2.0,2.0,2.75
3.0,3.0,3.0,3.0,2.0,1.0,8.0,8.0,2.0,6.0,8.0,8.0,10.0,2.0,1.0,2.0,2.0,2.0,3.0,2.25
2.0,3.0,3.0,3.0,3.0,2.0,5.0,2.0,6.0,6.0,4.0,7.0,1.0,2.0,2.0,2.0,2.0,2.0,2.0,2.0
1.0,3.0,3.0,3.0,3.0,3.0,5.0,5.0,6.0,6.0,6.0,5.0,6.0,3.0,2.0,2.0,2.0,2.0,2.0,2.0
2.0,2.0,3.0,3.0,3.0,3.0,9.0,9.0,3.0,6.0,8.0,3.0,5.0,1.0,1.0,3.0,2.0,2.0,2.0,2.25
2.0,3.0,3.0,3.0,3.0,3.0,7.0,7.0,7.0,7.0,4.0,8.0,10.0,3.0,2.0,2.0,2.0,2.0,2.0,2.0
2.0,2.0,2.0,2.0,3.0,2.0,8.0,8.0,6.0,6.0,9.0,6.0,7.0,2.0,2.0,3.0,3.0,3.0,2.0,2.75
2.0,2.0,3.0,3.0,3.0,2.0,6.0,6.0,6.0,6.0,6.0,6.0,6.0,1.0,1.0,3.0,2.0,2.0,2.0,2.25
2.0,2.0,2.0,4.0,3.0,2.0,9.0,9.0,2.0,3.0,8.0,9.0,10.0,1.0,2.0,3.0,3.0,1.0,2.0,2.25
2.0,2.0,2.0,2.0,2.0,2.0,9.0,8.0,3.0,3.0,10.0,5.0,10.0,2.0,2.0,3.0,3.0,3.0,3.0,3.0
2.0,2.0,3.0,2.0,3.0,2.0,5.0,5.0,6.0,6.0,8.0,7.0,6.0,1.0,1.0,3.0,2.0,3.0,2.0,2.5
1.0,3.0,2.0,3.0,3.0,3.0,5.0,4.0,3.0,7.0,6.0,7.0,6.0,3.0,3.0,2.0,3.0,2.0,2.0,2.25
1.0,1.0,3.0,3.0,3.0,2.0,5.0,4.0,3.0,4.0,6.0,4.0,9.0,1.0,2.0,4.0,2.0,2.0,2.0,2.5
1.0,3.0,3.0,3.0,3.0,2.0,8.0,8.0,6.0,8.0,5.0,6.0,9.0,2.0,2.0,2.0,2.0,2.0,2.0,2.0
1.0,3.0,3.0,3.0,3.0,3.0,6.0,5.0,5.0,4.0,4.0,5.0,9.0,1.0,1.0,2.0,2.0,2.0,2.0,2.0
1.0,3.0,3.0,4.0,3.0,2.0,10.0,9.0,3.0,5.0,10.0,5.0,1.0,2.0,3.0,2.0,2.0,1.0,2.0,1.75
3.0,3.0,2.0,2.0,2.0,2.0,8.0,7.0,4.0,4.0,8.0,7.0,10.0,1.0,1.0,2.0,3.0,3.0,3.0,2.75
2.0,4.0,4.0,4.0,4.0,3.0,8.0,7.0,5.0,5.0,9.0,8.0,3.0,1.0,2.0,1.0,1.0,1.0,1.0,1.0
2.0,3.0,3.0,3.0,3.0,2.0,8.0,6.0,5.0,5.0,9.0,8.0,7.0,1.0,2.0,2.0,2.0,2.0,2.0,2.0
2.0,2.0,2.0,2.0,2.0,2.0,8.0,7.0,4.0,4.0,7.0,7.0,7.0,1.0,1.0,3.0,3.0,3.0,3.0,3.0
2.0,3.0,3.0,3.0,3.0,3.0,8.0,7.0,4.0,4.0,7.0,8.0,8.0,1.0,1.0,2.0,2.0,2.0,2.0,2.0
2.0,2.0,3.0,3.0,3.0,2.0,9.0,8.0,3.0,3.0,10.0,8.0,1.0,2.0,2.0,3.0,2.0,2.0,2.0,2.25
2.0,2.0,2.0,2.0,2.0,2.0,8.0,7.0,4.0,3.0,8.0,8.0,10.0,2.0,2.0,3.0,3.0,3.0,3.0,3.0
2.0,3.0,3.0,4.0,3.0,1.0,6.0,6.0,4.0,8.0,7.0,3.0,10.0,2.0,3.0,2.0,2.0,1.0,2.0,1.75
3.0,3.0,3.0,3.0,3.0,3.0,3.0,3.0,2.0,7.0,8.0,3.0,2.0,2.0,2.0,2.0,2.0,2.0,2.0,2.0
1.0,3.0,3.0,3.0,3.0,2.0,5.0,7.0,4.0,4.0,4.0,5.0,8.0,1.0,1.0,2.0,2.0,2.0,2.0,2.0
3.0,2.0,2.0,3.0,3.0,2.0,1.0,7.0,4.0,4.0,6.0,7.0,5.0,1.0,1.0,3.0,3.0,2.0,2.0,2.5
2.0,2.0,3.0,3.0,3.0,2.0,9.0,8.0,7.0,2.0,10.0,2.0,1.0,1.0,1.0,3.0,2.0,2.0,2.0,2.25
2.0,3.0,3.0,3.0,3.0,3.0,5.0,5.0,6.0,6.0,7.0,4.0,5.0,1.0,2.0,2.0,2.0,2.0,2.0,2.0
3.0,3.0,3.0,3.0,3.0,,1.0,1.0,1.0,1.0,10.0,7.0,10.0,2.0,2.0,2.0,2.0,2.0,2.0,2.0
3.0,2.0,2.0,2.0,2.0,2.0,8.0,8.0,3.0,4.0,10.0,8.0,7.0,1.0,1.0,3.0,3.0,3.0,3.0,3.0
2.0,3.0,3.0,3.0,3.0,2.0,7.0,7.0,4.0,8.0,8.0,9.0,3.0,1.0,1.0,2.0,2.0,2.0,2.0,2.0
2.0,3.0,3.0,3.0,3.0,3.0,8.0,7.0,10.0,10.0,10.0,8.0,1.0,1.0,1.0,2.0,2.0,2.0,2.0,2.0
1.0,2.0,3.0,3.0,3.0,2.0,8.0,9.0,6.0,6.0,6.0,10.0,10.0,1.0,1.0,3.0,2.0,2.0,2.0,2.25
1.0,3.0,2.0,4.0,3.0,4.0,5.0,6.0,4.0,6.0,6.0,5.0,10.0,2.0,3.0,2.0,3.0,1.0,2.0,2.0
2.0,3.0,2.0,3.0,2.0,2.0,7.0,8.0,4.0,4.0,8.0,6.0,7.0,1.0,1.0,2.0,3.0,2.0,3.0,2.5
3.0,2.0,3.0,4.0,3.0,1.0,10.0,10.0,6.0,4.0,7.0,5.0,6.0,3.0,,3.0,2.0,1.0,2.0,2.0
1.0,4.0,3.0,3.0,3.0,1.0,8.0,8.0,6.0,6.0,9.0,8.0,10.0,1.0,1.0,1.0,2.0,2.0,2.0,1.75
2.0,3.0,3.0,3.0,2.0,2.0,10.0,10.0,10.0,10.0,1.0,10.0,10.0,1.0,1.0,2.0,2.0,2.0,3.0,2.25
2.0,3.0,3.0,3.0,3.0,3.0,4.0,4.0,5.0,6.0,7.0,5.0,3.0,1.0,2.0,2.0,2.0,2.0,2.0,2.0
2.0,1.0,2.0,3.0,2.0,2.0,5.0,6.0,5.0,5.0,6.0,6.0,8.0,1.0,1.0,4.0,3.0,2.0,3.0,3.0
2.0,3.0,3.0,4.0,4.0,2.0,6.0,8.0,4.0,4.0,6.0,3.0,4.0,1.0,1.0,2.0,2.0,1.0,1.0,1.5
1.0,2.0,3.0,3.0,4.0,2.0,8.0,4.0,3.0,4.0,9.0,9.0,10.0,1.0,3.0,3.0,2.0,2.0,1.0,2.0
1.0,1.0,1.0,3.0,1.0,2.0,8.0,3.0,3.0,1.0,10.0,1.0,10.0,,,4.0,4.0,2.0,4.0,3.5
2.0,3.0,3.0,2.0,3.0,3.0,2.0,7.0,6.0,4.0,5.0,7.0,8.0,1.0,,2.0,2.0,3.0,2.0,2.25
1.0,3.0,3.0,3.0,2.0,3.0,5.0,1.0,5.0,5.0,9.0,2.0,10.0,1.0,1.0,2.0,2.0,2.0,3.0,2.25
2.0,2.0,2.0,3.0,2.0,3.0,8.0,5.0,2.0,2.0,8.0,6.0,10.0,1.0,2.0,3.0,3.0,2.0,3.0,2.75
2.0,2.0,3.0,3.0,3.0,2.0,5.0,7.0,6.0,8.0,8.0,4.0,7.0,1.0,,3.0,2.0,2.0,2.0,2.25
2.0,3.0,3.0,3.0,3.0,2.0,8.0,7.0,4.0,4.0,8.0,7.0,7.0,1.0,1.0,2.0,2.0,2.0,2.0,2.0
3.0,3.0,2.0,2.0,2.0,2.0,8.0,7.0,4.0,4.0,9.0,7.0,7.0,1.0,1.0,2.0,3.0,3.0,3.0,2.75
2.0,2.0,2.0,3.0,3.0,3.0,8.0,5.0,2.0,5.0,2.0,8.0,5.0,1.0,2.0,3.0,3.0,2.0,2.0,2.5
3.0,3.0,3.0,4.0,2.0,2.0,6.0,5.0,7.0,5.0,7.0,7.0,5.0,1.0,1.0,2.0,2.0,1.0,3.0,2.0
2.0,2.0,3.0,3.0,3.0,2.0,7.0,8.0,6.0,5.0,4.0,7.0,10.0,1.0,1.0,3.0,2.0,2.0,2.0,2.25
2.0,3.0,3.0,3.0,3.0,2.0,5.0,8.0,6.0,6.0,8.0,8.0,5.0,1.0,1.0,2.0,2.0,2.0,2.0,2.0
1.0,3.0,3.0,3.0,3.0,3.0,7.0,7.0,5.0,5.0,6.0,8.0,3.0,1.0,1.0,2.0,2.0,2.0,2.0,2.0
4.0,2.0,3.0,4.0,4.0,2.0,10.0,10.0,6.0,5.0,1.0,7.0,7.0,3.0,3.0,3.0,2.0,1.0,1.0,1.75
2.0,3.0,3.0,4.0,3.0,2.0,9.0,9.0,7.0,6.0,8.0,9.0,10.0,1.0,1.0,2.0,2.0,1.0,2.0,1.75
1.0,3.0,4.0,4.0,4.0,1.0,5.0,5.0,3.0,2.0,9.0,9.0,10.0,1.0,3.0,2.0,1.0,1.0,1.0,1.25
1.0,2.0,4.0,4.0,4.0,3.0,9.0,10.0,2.0,3.0,10.0,6.0,10.0,2.0,3.0,3.0,1.0,1.0,1.0,1.5
2.0,2.0,2.0,4.0,3.0,2.0,9.0,9.0,8.0,6.0,10.0,5.0,10.0,2.0,2.0,3.0,3.0,1.0,2.0,2.25
2.0,3.0,3.0,3.0,3.0,2.0,7.0,3.0,6.0,6.0,6.0,5.0,10.0,,1.0,2.0,2.0,2.0,2.0,2.0
2.0,2.0,2.0,3.0,2.0,3.0,10.0,10.0,2.0,4.0,1.0,10.0,5.0,,,3.0,3.0,2.0,3.0,2.75
2.0,3.0,3.0,3.0,3.0,2.0,7.0,4.0,4.0,4.0,6.0,7.0,10.0,,,2.0,2.0,2.0,2.0,2.0
2.0,2.0,2.0,2.0,2.0,2.0,8.0,7.0,4.0,6.0,9.0,8.0,5.0,2.0,2.0,3.0,3.0,3.0,3.0,3.0
2.0,2.0,2.0,2.0,2.0,2.0,7.0,7.0,4.0,4.0,8.0,8.0,5.0,2.0,2.0,3.0,3.0,3.0,3.0,3.0
2.0,3.0,4.0,3.0,3.0,1.0,9.0,8.0,3.0,5.0,9.0,8.0,8.0,1.0,1.0,2.0,1.0,2.0,2.0,1.75
2.0,2.0,2.0,2.0,2.0,2.0,8.0,7.0,3.0,2.0,7.0,8.0,8.0,1.0,1.0,3.0,3.0,3.0,3.0,3.0
2.0,2.0,2.0,2.0,2.0,2.0,8.0,8.0,3.0,3.0,7.0,6.0,6.0,1.0,1.0,3.0,3.0,3.0,3.0,3.0
3.0,3.0,3.0,3.0,3.0,3.0,9.0,3.0,3.0,3.0,9.0,3.0,10.0,1.0,2.0,2.0,2.0,2.0,2.0,2.0
1.0,3.0,4.0,4.0,3.0,3.0,9.0,9.0,3.0,6.0,3.0,9.0,2.0,2.0,2.0,2.0,1.0,1.0,2.0,1.5
3.0,2.0,2.0,2.0,2.0,2.0,8.0,7.0,4.0,5.0,9.0,8.0,10.0,1.0,1.0,3.0,3.0,3.0,3.0,3.0
2.0,2.0,2.0,2.0,2.0,2.0,9.0,8.0,3.0,3.0,10.0,8.0,9.0,2.0,2.0,3.0,3.0,3.0,3.0,3.0
2.0,2.0,3.0,3.0,3.0,2.0,9.0,8.0,3.0,4.0,10.0,8.0,5.0,2.0,2.0,3.0,2.0,2.0,2.0,2.25
2.0,3.0,3.0,3.0,3.0,1.0,8.0,8.0,4.0,6.0,10.0,9.0,8.0,2.0,2.0,2.0,2.0,2.0,2.0,2.0
2.0,2.0,2.0,2.0,2.0,2.0,8.0,8.0,3.0,3.0,10.0,9.0,7.0,2.0,2.0,3.0,3.0,3.0,3.0,3.0
3.0,3.0,3.0,3.0,3.0,2.0,8.0,7.0,4.0,4.0,7.0,7.0,8.0,1.0,1.0,2.0,2.0,2.0,2.0,2.0
3.0,3.0,2.0,2.0,2.0,3.0,7.0,7.0,4.0,4.0,10.0,8.0,10.0,2.0,2.0,2.0,3.0,3.0,3.0,2.75
2.0,2.0,2.0,2.0,2.0,2.0,8.0,8.0,4.0,4.0,10.0,8.0,5.0,3.0,2.0,3.0,3.0,3.0,3.0,3.0
3.0,2.0,2.0,2.0,2.0,2.0,8.0,7.0,4.0,4.0,8.0,8.0,10.0,1.0,1.0,3.0,3.0,3.0,3.0,3.0
2.0,2.0,2.0,2.0,2.0,2.0,8.0,8.0,3.0,3.0,10.0,8.0,10.0,2.0,2.0,3.0,3.0,3.0,3.0,3.0
2.0,2.0,2.0,2.0,2.0,2.0,8.0,8.0,3.0,3.0,10.0,8.0,3.0,2.0,2.0,3.0,3.0,3.0,3.0,3.0
2.0,2.0,2.0,2.0,2.0,2.0,8.0,7.0,4.0,4.0,7.0,8.0,8.0,1.0,1.0,3.0,3.0,3.0,3.0,3.0
3.0,3.0,2.0,2.0,2.0,2.0,8.0,7.0,4.0,4.0,8.0,7.0,7.0,1.0,2.0,2.0,3.0,3.0,3.0,2.75
2.0,2.0,2.0,2.0,2.0,2.0,8.0,7.0,4.0,4.0,10.0,8.0,1.0,2.0,3.0,3.0,3.0,3.0,3.0,3.0
3.0,3.0,3.0,3.0,3.0,,6.0,7.0,6.0,6.0,4.0,7.0,6.0,1.0,1.0,2.0,2.0,2.0,2.0,2.0
3.0,3.0,3.0,3.0,3.0,3.0,7.0,7.0,3.0,4.0,8.0,8.0,5.0,2.0,2.0,2.0,2.0,2.0,2.0,2.0
2.0,2.0,2.0,2.0,2.0,2.0,8.0,7.0,4.0,4.0,9.0,8.0,5.0,3.0,2.0,3.0,3.0,3.0,3.0,3.0
2.0,2.0,2.0,2.0,2.0,2.0,8.0,8.0,4.0,3.0,10.0,7.0,10.0,3.0,3.0,3.0,3.0,3.0,3.0,3.0
3.0,3.0,3.0,3.0,3.0,1.0,7.0,7.0,4.0,4.0,8.0,7.0,8.0,2.0,2.0,2.0,2.0,2.0,2.0,2.0
2.0,3.0,3.0,3.0,3.0,2.0,9.0,8.0,3.0,3.0,9.0,8.0,10.0,1.0,2.0,2.0,2.0,2.0,2.0,2.0
3.0,3.0,3.0,3.0,3.0,3.0,7.0,6.0,5.0,5.0,9.0,8.0,4.0,1.0,1.0,2.0,2.0,2.0,2.0,2.0
2.0,2.0,2.0,2.0,2.0,2.0,8.0,7.0,4.0,3.0,9.0,8.0,5.0,2.0,2.0,3.0,3.0,3.0,3.0,3.0
2.0,3.0,3.0,3.0,3.0,3.0,8.0,7.0,4.0,3.0,8.0,7.0,8.0,2.0,2.0,2.0,2.0,2.0,2.0,2.0
2.0,2.0,3.0,3.0,3.0,2.0,8.0,7.0,4.0,4.0,8.0,8.0,7.0,2.0,2.0,3.0,2.0,2.0,2.0,2.25
2.0,4.0,3.0,3.0,3.0,2.0,10.0,9.0,,1.0,4.0,4.0,1.0,3.0,3.0,1.0,2.0,2.0,2.0,1.75
3.0,3.0,2.0,2.0,3.0,2.0,5.0,6.0,6.0,5.0,5.0,7.0,8.0,2.0,2.0,2.0,3.0,3.0,2.0,2.5
2.0,3.0,3.0,3.0,3.0,3.0,9.0,8.0,3.0,3.0,10.0,8.0,10.0,1.0,2.0,2.0,2.0,2.0,2.0,2.0
2.0,2.0,3.0,3.0,3.0,2.0,8.0,7.0,4.0,4.0,10.0,8.0,9.0,2.0,2.0,3.0,2.0,2.0,2.0,2.25
2.0,2.0,2.0,2.0,2.0,2.0,8.0,6.0,4.0,4.0,10.0,9.0,8.0,2.0,2.0,3.0,3.0,3.0,3.0,3.0
1.0,3.0,3.0,3.0,3.0,2.0,7.0,7.0,5.0,6.0,8.0,7.0,8.0,1.0,2.0,2.0,2.0,2.0,2.0,2.0
2.0,4.0,2.0,3.0,2.0,2.0,8.0,7.0,1.0,9.0,10.0,9.0,1.0,2.0,2.0,1.0,3.0,2.0,3.0,2.25
3.0,2.0,3.0,2.0,2.0,2.0,9.0,8.0,3.0,3.0,9.0,8.0,7.0,2.0,2.0,3.0,2.0,3.0,3.0,2.75
3.0,3.0,3.0,3.0,3.0,3.0,8.0,8.0,6.0,6.0,9.0,7.0,7.0,2.0,2.0,2.0,2.0,2.0,2.0,2.0
3.0,4.0,4.0,4.0,4.0,3.0,7.0,7.0,4.0,4.0,7.0,6.0,9.0,1.0,2.0,1.0,1.0,1.0,1.0,1.0
2.0,4.0,4.0,4.0,4.0,2.0,8.0,7.0,4.0,4.0,10.0,7.0,3.0,3.0,3.0,1.0,1.0,1.0,1.0,1.0
3.0,2.0,2.0,2.0,2.0,2.0,8.0,8.0,3.0,3.0,10.0,7.0,3.0,2.0,3.0,3.0,3.0,3.0,3.0,3.0
2.0,2.0,2.0,3.0,2.0,3.0,7.0,7.0,4.0,4.0,9.0,8.0,10.0,1.0,1.0,3.0,3.0,2.0,3.0,2.75
2.0,2.0,2.0,2.0,2.0,2.0,10.0,8.0,3.0,4.0,10.0,8.0,10.0,2.0,2.0,3.0,3.0,3.0,3.0,3.0
3.0,3.0,3.0,3.0,3.0,3.0,7.0,7.0,4.0,4.0,7.0,6.0,8.0,1.0,1.0,2.0,2.0,2.0,2.0,2.0
2.0,4.0,4.0,4.0,4.0,2.0,8.0,8.0,6.0,7.0,7.0,5.0,4.0,1.0,2.0,1.0,1.0,1.0,1.0,1.0
2.0,3.0,3.0,3.0,3.0,3.0,8.0,8.0,3.0,3.0,10.0,8.0,7.0,2.0,2.0,2.0,2.0,2.0,2.0,2.0
1.0,3.0,3.0,3.0,3.0,3.0,9.0,9.0,8.0,8.0,2.0,9.0,9.0,1.0,3.0,2.0,2.0,2.0,2.0,2.0
3.0,2.0,2.0,3.0,2.0,2.0,5.0,5.0,4.0,4.0,9.0,2.0,4.0,1.0,,3.0,3.0,2.0,3.0,2.75
1.0,2.0,3.0,3.0,3.0,3.0,8.0,7.0,3.0,4.0,10.0,8.0,7.0,2.0,3.0,3.0,2.0,2.0,2.0,2.25
3.0,2.0,2.0,2.0,2.0,2.0,8.0,7.0,4.0,4.0,9.0,8.0,9.0,2.0,2.0,3.0,3.0,3.0,3.0,3.0
1.0,3.0,3.0,4.0,1.0,1.0,1.0,6.0,6.0,10.0,10.0,7.0,9.0,2.0,2.0,2.0,2.0,1.0,4.0,2.25
2.0,3.0,2.0,3.0,3.0,2.0,7.0,6.0,2.0,2.0,10.0,9.0,9.0,1.0,1.0,2.0,3.0,2.0,2.0,2.25
2.0,3.0,2.0,2.0,2.0,2.0,8.0,7.0,4.0,6.0,5.0,5.0,2.0,,,2.0,3.0,3.0,3.0,2.75
2.0,2.0,2.0,2.0,2.0,2.0,7.0,7.0,4.0,4.0,8.0,7.0,1.0,1.0,1.0,3.0,3.0,3.0,3.0,3.0
1.0,2.0,3.0,3.0,3.0,2.0,6.0,2.0,,1.0,10.0,9.0,10.0,1.0,,3.0,2.0,2.0,2.0,2.25
3.0,3.0,4.0,4.0,4.0,1.0,7.0,7.0,3.0,5.0,3.0,6.0,8.0,1.0,1.0,2.0,1.0,1.0,1.0,1.25
2.0,2.0,3.0,4.0,3.0,1.0,7.0,8.0,3.0,2.0,9.0,3.0,8.0,,1.0,3.0,2.0,1.0,2.0,2.0
3.0,3.0,3.0,3.0,3.0,3.0,8.0,8.0,5.0,4.0,8.0,7.0,1.0,,,2.0,2.0,2.0,2.0,2.0
1.0,3.0,3.0,2.0,3.0,2.0,9.0,7.0,4.0,3.0,8.0,7.0,9.0,,,2.0,2.0,3.0,2.0,2.25
2.0,3.0,3.0,3.0,3.0,2.0,7.0,8.0,2.0,4.0,8.0,7.0,6.0,1.0,,2.0,2.0,2.0,2.0,2.0
2.0,3.0,1.0,3.0,2.0,2.0,4.0,4.0,8.0,9.0,5.0,6.0,8.0,1.0,1.0,2.0,4.0,2.0,3.0,2.75
3.0,3.0,3.0,3.0,3.0,2.0,8.0,9.0,6.0,5.0,7.0,8.0,5.0,1.0,,2.0,2.0,2.0,2.0,2.0
3.0,3.0,3.0,3.0,3.0,2.0,8.0,8.0,4.0,8.0,9.0,8.0,3.0,1.0,1.0,2.0,2.0,2.0,2.0,2.0
1.0,2.0,2.0,2.0,2.0,2.0,6.0,8.0,5.0,5.0,7.0,10.0,7.0,,,3.0,3.0,3.0,3.0,3.0
1.0,3.0,3.0,2.0,3.0,3.0,9.0,10.0,7.0,8.0,6.0,9.0,10.0,1.0,2.0,2.0,2.0,3.0,2.0,2.25
3.0,1.0,4.0,4.0,4.0,2.0,9.0,4.0,9.0,10.0,10.0,10.0,1.0,1.0,1.0,4.0,1.0,1.0,1.0,1.75
2.0,2.0,2.0,3.0,3.0,2.0,8.0,9.0,4.0,5.0,4.0,8.0,9.0,1.0,1.0,3.0,3.0,2.0,2.0,2.5
1.0,3.0,3.0,3.0,2.0,4.0,7.0,8.0,5.0,6.0,5.0,7.0,10.0,,1.0,2.0,2.0,2.0,3.0,2.25
1.0,2.0,3.0,3.0,3.0,2.0,8.0,7.0,3.0,4.0,8.0,7.0,7.0,3.0,,3.0,2.0,2.0,2.0,2.25
2.0,3.0,3.0,3.0,3.0,2.0,8.0,9.0,6.0,4.0,7.0,8.0,9.0,1.0,1.0,2.0,2.0,2.0,2.0,2.0
1.0,4.0,3.0,3.0,3.0,2.0,6.0,6.0,8.0,8.0,2.0,6.0,8.0,1.0,1.0,1.0,2.0,2.0,2.0,1.75
2.0,3.0,3.0,3.0,3.0,3.0,8.0,8.0,6.0,9.0,9.0,6.0,7.0,1.0,1.0,2.0,2.0,2.0,2.0,2.0
1.0,1.0,1.0,3.0,2.0,2.0,8.0,8.0,4.0,3.0,6.0,7.0,10.0,1.0,1.0,4.0,4.0,2.0,3.0,3.25
3.0,3.0,2.0,3.0,2.0,3.0,5.0,6.0,6.0,7.0,7.0,6.0,1.0,,,2.0,3.0,2.0,3.0,2.5
2.0,3.0,3.0,3.0,3.0,1.0,5.0,8.0,4.0,3.0,8.0,8.0,8.0,1.0,1.0,2.0,2.0,2.0,2.0,2.0
2.0,3.0,4.0,4.0,4.0,3.0,8.0,8.0,3.0,3.0,10.0,4.0,10.0,1.0,1.0,2.0,1.0,1.0,1.0,1.25
1.0,3.0,3.0,3.0,3.0,2.0,8.0,8.0,4.0,6.0,8.0,4.0,10.0,1.0,1.0,2.0,2.0,2.0,2.0,2.0
3.0,3.0,3.0,3.0,3.0,3.0,5.0,7.0,6.0,6.0,6.0,5.0,7.0,1.0,1.0,2.0,2.0,2.0,2.0,2.0
1.0,2.0,3.0,3.0,3.0,3.0,10.0,10.0,9.0,8.0,8.0,8.0,2.0,1.0,1.0,3.0,2.0,2.0,2.0,2.25
1.0,3.0,3.0,3.0,3.0,3.0,6.0,7.0,9.0,5.0,8.0,6.0,10.0,1.0,1.0,2.0,2.0,2.0,2.0,2.0
1.0,3.0,2.0,3.0,3.0,2.0,8.0,8.0,4.0,4.0,9.0,9.0,8.0,1.0,2.0,2.0,3.0,2.0,2.0,2.25
2.0,4.0,4.0,4.0,3.0,3.0,9.0,6.0,6.0,7.0,10.0,10.0,10.0,2.0,2.0,1.0,1.0,1.0,2.0,1.25
1.0,3.0,3.0,3.0,3.0,2.0,9.0,9.0,8.0,3.0,8.0,8.0,2.0,1.0,1.0,2.0,2.0,2.0,2.0,2.0
2.0,3.0,3.0,3.0,3.0,2.0,7.0,7.0,4.0,4.0,9.0,8.0,8.0,1.0,,2.0,2.0,2.0,2.0,2.0
3.0,2.0,2.0,2.0,2.0,2.0,2.0,8.0,3.0,2.0,7.0,8.0,4.0,1.0,1.0,3.0,3.0,3.0,3.0,3.0
2.0,3.0,3.0,4.0,3.0,2.0,9.0,9.0,6.0,6.0,9.0,6.0,9.0,2.0,1.0,2.0,2.0,1.0,2.0,1.75
1.0,3.0,2.0,3.0,3.0,2.0,8.0,8.0,3.0,6.0,7.0,5.0,8.0,,,2.0,3.0,2.0,2.0,2.25
2.0,3.0,3.0,3.0,3.0,2.0,6.0,5.0,5.0,6.0,7.0,7.0,10.0,1.0,1.0,2.0,2.0,2.0,2.0,2.0
2.0,2.0,3.0,3.0,3.0,3.0,8.0,8.0,1.0,9.0,7.0,9.0,5.0,1.0,2.0,3.0,2.0,2.0,2.0,2.25
2.0,3.0,2.0,2.0,3.0,1.0,7.0,6.0,5.0,5.0,5.0,7.0,6.0,1.0,1.0,2.0,3.0,3.0,2.0,2.5
2.0,3.0,3.0,3.0,3.0,2.0,10.0,10.0,3.0,1.0,1.0,10.0,10.0,2.0,,2.0,2.0,2.0,2.0,2.0
1.0,4.0,4.0,3.0,3.0,2.0,10.0,10.0,1.0,8.0,1.0,10.0,10.0,,,1.0,1.0,2.0,2.0,1.5
1.0,3.0,3.0,3.0,3.0,3.0,7.0,8.0,4.0,5.0,7.0,6.0,5.0,,,2.0,2.0,2.0,2.0,2.0
1.0,2.0,3.0,3.0,3.0,3.0,10.0,10.0,3.0,6.0,8.0,2.0,7.0,2.0,3.0,3.0,2.0,2.0,2.0,2.25
3.0,4.0,2.0,4.0,3.0,2.0,8.0,10.0,6.0,10.0,10.0,7.0,1.0,1.0,1.0,1.0,3.0,1.0,2.0,1.75
3.0,4.0,4.0,4.0,4.0,2.0,6.0,6.0,6.0,7.0,7.0,2.0,1.0,3.0,3.0,1.0,1.0,1.0,1.0,1.0
2.0,3.0,3.0,2.0,3.0,2.0,10.0,10.0,8.0,8.0,4.0,10.0,3.0,1.0,1.0,2.0,2.0,3.0,2.0,2.25
2.0,2.0,3.0,3.0,3.0,2.0,8.0,9.0,3.0,5.0,7.0,9.0,9.0,3.0,,3.0,2.0,2.0,2.0,2.25
2.0,1.0,3.0,3.0,2.0,2.0,8.0,9.0,8.0,9.0,7.0,10.0,8.0,1.0,1.0,4.0,2.0,2.0,3.0,2.75
2.0,3.0,4.0,4.0,4.0,2.0,8.0,8.0,2.0,5.0,7.0,8.0,9.0,1.0,1.0,2.0,1.0,1.0,1.0,1.25
2.0,2.0,2.0,2.0,4.0,3.0,9.0,9.0,2.0,4.0,4.0,7.0,5.0,1.0,1.0,3.0,3.0,3.0,1.0,2.5
2.0,2.0,2.0,3.0,3.0,2.0,7.0,8.0,3.0,4.0,5.0,7.0,5.0,1.0,1.0,3.0,3.0,2.0,2.0,2.5
1.0,3.0,3.0,3.0,3.0,3.0,10.0,9.0,6.0,4.0,10.0,10.0,10.0,2.0,3.0,2.0,2.0,2.0,2.0,2.0
2.0,2.0,2.0,2.0,4.0,2.0,9.0,10.0,2.0,8.0,8.0,10.0,7.0,1.0,1.0,3.0,3.0,3.0,1.0,2.5
2.0,2.0,4.0,4.0,2.0,2.0,9.0,10.0,6.0,3.0,7.0,9.0,10.0,1.0,1.0,3.0,1.0,1.0,3.0,2.0
3.0,3.0,2.0,3.0,3.0,2.0,7.0,7.0,4.0,5.0,9.0,6.0,2.0,1.0,1.0,2.0,3.0,2.0,2.0,2.25
1.0,2.0,1.0,3.0,3.0,2.0,8.0,8.0,5.0,4.0,5.0,7.0,10.0,1.0,2.0,3.0,4.0,2.0,2.0,2.75
2.0,2.0,3.0,2.0,2.0,2.0,9.0,9.0,7.0,5.0,5.0,7.0,10.0,1.0,1.0,3.0,2.0,3.0,3.0,2.75
2.0,3.0,2.0,3.0,3.0,3.0,10.0,5.0,3.0,1.0,8.0,3.0,10.0,1.0,1.0,2.0,3.0,2.0,2.0,2.25
3.0,3.0,3.0,3.0,3.0,2.0,9.0,9.0,5.0,6.0,9.0,5.0,2.0,1.0,1.0,2.0,2.0,2.0,2.0,2.0
2.0,2.0,2.0,2.0,2.0,3.0,7.0,8.0,5.0,5.0,6.0,8.0,5.0,1.0,1.0,3.0,3.0,3.0,3.0,3.0
1.0,2.0,3.0,3.0,3.0,2.0,9.0,9.0,3.0,3.0,8.0,8.0,8.0,1.0,1.0,3.0,2.0,2.0,2.0,2.25
2.0,2.0,3.0,3.0,3.0,3.0,7.0,7.0,1.0,1.0,10.0,10.0,10.0,2.0,2.0,3.0,2.0,2.0,2.0,2.25
2.0,3.0,3.0,3.0,3.0,2.0,10.0,10.0,1.0,8.0,3.0,10.0,2.0,3.0,3.0,2.0,2.0,2.0,2.0,2.0
2.0,3.0,2.0,3.0,3.0,2.0,8.0,8.0,6.0,6.0,3.0,7.0,10.0,1.0,2.0,2.0,3.0,2.0,2.0,2.25
2.0,3.0,3.0,3.0,3.0,2.0,7.0,10.0,3.0,5.0,5.0,5.0,3.0,1.0,1.0,2.0,2.0,2.0,2.0,2.0
2.0,3.0,3.0,3.0,3.0,3.0,8.0,8.0,5.0,4.0,7.0,7.0,7.0,2.0,2.0,2.0,2.0,2.0,2.0,2.0
2.0,3.0,3.0,4.0,3.0,1.0,10.0,10.0,10.0,9.0,10.0,5.0,1.0,2.0,1.0,2.0,2.0,1.0,2.0,1.75
1.0,3.0,3.0,3.0,3.0,1.0,10.0,10.0,9.0,10.0,10.0,4.0,1.0,2.0,2.0,2.0,2.0,2.0,2.0,2.0
3.0,3.0,2.0,3.0,3.0,3.0,9.0,9.0,3.0,4.0,4.0,7.0,3.0,,3.0,2.0,3.0,2.0,2.0,2.25
2.0,2.0,3.0,3.0,3.0,3.0,7.0,8.0,5.0,5.0,6.0,8.0,4.0,,,3.0,2.0,2.0,2.0,2.25
1.0,3.0,3.0,4.0,3.0,3.0,7.0,7.0,2.0,7.0,10.0,7.0,8.0,2.0,2.0,2.0,2.0,1.0,2.0,1.75
1.0,3.0,3.0,3.0,3.0,3.0,5.0,4.0,4.0,4.0,8.0,5.0,10.0,3.0,,2.0,2.0,2.0,2.0,2.0
3.0,3.0,3.0,3.0,3.0,2.0,10.0,10.0,6.0,4.0,10.0,1.0,8.0,,,2.0,2.0,2.0,2.0,2.0
2.0,2.0,3.0,2.0,2.0,2.0,10.0,10.0,10.0,10.0,1.0,8.0,10.0,,,3.0,2.0,3.0,3.0,2.75
1.0,2.0,2.0,2.0,2.0,2.0,10.0,10.0,6.0,3.0,3.0,5.0,10.0,1.0,3.0,3.0,3.0,3.0,3.0,3.0
1.0,3.0,3.0,3.0,3.0,3.0,6.0,8.0,7.0,8.0,8.0,8.0,8.0,2.0,1.0,2.0,2.0,2.0,2.0,2.0
1.0,3.0,3.0,3.0,3.0,2.0,6.0,7.0,5.0,4.0,6.0,6.0,10.0,1.0,1.0,2.0,2.0,2.0,2.0,2.0
2.0,3.0,3.0,3.0,3.0,2.0,7.0,7.0,4.0,3.0,7.0,8.0,3.0,1.0,1.0,2.0,2.0,2.0,2.0,2.0
3.0,3.0,3.0,3.0,2.0,2.0,8.0,7.0,3.0,9.0,5.0,7.0,3.0,1.0,1.0,2.0,2.0,2.0,3.0,2.25
1.0,2.0,4.0,4.0,4.0,4.0,7.0,8.0,6.0,6.0,7.0,2.0,6.0,2.0,2.0,3.0,1.0,1.0,1.0,1.5
2.0,3.0,3.0,3.0,3.0,3.0,8.0,9.0,5.0,7.0,9.0,8.0,6.0,,1.0,2.0,2.0,2.0,2.0,2.0
3.0,2.0,3.0,3.0,2.0,2.0,8.0,4.0,4.0,4.0,8.0,4.0,3.0,1.0,1.0,3.0,2.0,2.0,3.0,2.5
2.0,3.0,2.0,3.0,2.0,2.0,7.0,9.0,4.0,5.0,10.0,7.0,1.0,1.0,,2.0,3.0,2.0,3.0,2.5
1.0,3.0,3.0,3.0,3.0,3.0,8.0,8.0,3.0,9.0,8.0,8.0,7.0,1.0,1.0,2.0,2.0,2.0,2.0,2.0
1.0,2.0,3.0,4.0,4.0,2.0,5.0,10.0,3.0,1.0,10.0,3.0,10.0,1.0,1.0,3.0,2.0,1.0,1.0,1.75
2.0,2.0,3.0,3.0,4.0,3.0,10.0,10.0,1.0,10.0,8.0,10.0,10.0,,,3.0,2.0,2.0,1.0,2.0
2.0,2.0,4.0,4.0,4.0,2.0,7.0,8.0,6.0,3.0,9.0,5.0,8.0,2.0,1.0,3.0,1.0,1.0,1.0,1.5
1.0,2.0,1.0,2.0,3.0,3.0,5.0,7.0,7.0,7.0,7.0,8.0,10.0,1.0,1.0,3.0,4.0,3.0,2.0,3.0
1.0,1.0,1.0,2.0,2.0,2.0,10.0,10.0,2.0,3.0,9.0,8.0,1.0,,,4.0,4.0,3.0,3.0,3.5
2.0,1.0,2.0,4.0,2.0,1.0,8.0,8.0,3.0,9.0,9.0,7.0,7.0,2.0,1.0,4.0,3.0,1.0,3.0,2.75
2.0,3.0,3.0,3.0,3.0,3.0,6.0,6.0,6.0,8.0,7.0,4.0,5.0,3.0,3.0,2.0,2.0,2.0,2.0,2.0
2.0,1.0,3.0,3.0,3.0,2.0,7.0,6.0,4.0,4.0,9.0,9.0,5.0,1.0,2.0,4.0,2.0,2.0,2.0,2.5
1.0,3.0,3.0,3.0,3.0,3.0,8.0,8.0,3.0,6.0,3.0,8.0,10.0,1.0,,2.0,2.0,2.0,2.0,2.0
1.0,1.0,1.0,1.0,2.0,3.0,8.0,8.0,6.0,3.0,9.0,5.0,9.0,2.0,,4.0,4.0,4.0,3.0,3.75
1.0,3.0,3.0,3.0,3.0,2.0,8.0,8.0,6.0,5.0,9.0,7.0,8.0,1.0,,2.0,2.0,2.0,2.0,2.0
3.0,2.0,2.0,3.0,2.0,2.0,8.0,8.0,4.0,4.0,9.0,6.0,8.0,2.0,1.0,3.0,3.0,2.0,3.0,2.75
2.0,3.0,3.0,3.0,3.0,2.0,7.0,5.0,4.0,5.0,6.0,8.0,3.0,1.0,1.0,2.0,2.0,2.0,2.0,2.0
3.0,3.0,3.0,4.0,4.0,2.0,6.0,8.0,4.0,4.0,5.0,7.0,2.0,1.0,1.0,2.0,2.0,1.0,1.0,1.5
1.0,2.0,1.0,3.0,3.0,2.0,7.0,7.0,1.0,1.0,10.0,4.0,10.0,1.0,,3.0,4.0,2.0,2.0,2.75
3.0,3.0,3.0,3.0,3.0,2.0,7.0,8.0,5.0,7.0,7.0,8.0,8.0,1.0,1.0,2.0,2.0,2.0,2.0,2.0
2.0,4.0,3.0,4.0,3.0,2.0,8.0,9.0,9.0,5.0,10.0,3.0,2.0,3.0,3.0,1.0,2.0,1.0,2.0,1.5
2.0,2.0,3.0,3.0,3.0,1.0,8.0,8.0,4.0,3.0,8.0,5.0,6.0,1.0,1.0,3.0,2.0,2.0,2.0,2.25
2.0,3.0,2.0,2.0,2.0,2.0,8.0,8.0,8.0,8.0,5.0,7.0,6.0,,1.0,2.0,3.0,3.0,3.0,2.75
1.0,3.0,3.0,3.0,3.0,3.0,8.0,9.0,6.0,6.0,6.0,6.0,5.0,3.0,3.0,2.0,2.0,2.0,2.0,2.0
1.0,3.0,3.0,3.0,3.0,2.0,8.0,8.0,2.0,3.0,3.0,7.0,2.0,1.0,1.0,2.0,2.0,2.0,2.0,2.0
3.0,3.0,3.0,3.0,3.0,3.0,10.0,10.0,4.0,4.0,10.0,9.0,8.0,1.0,1.0,2.0,2.0,2.0,2.0,2.0
2.0,3.0,2.0,3.0,3.0,3.0,8.0,6.0,3.0,4.0,9.0,8.0,10.0,1.0,1.0,2.0,3.0,2.0,2.0,2.25
3.0,3.0,3.0,3.0,3.0,2.0,10.0,4.0,4.0,8.0,10.0,1.0,3.0,1.0,1.0,2.0,2.0,2.0,2.0,2.0
1.0,3.0,3.0,4.0,4.0,1.0,9.0,10.0,2.0,2.0,9.0,10.0,10.0,1.0,1.0,2.0,2.0,1.0,1.0,1.5
2.0,2.0,2.0,4.0,3.0,4.0,8.0,8.0,2.0,2.0,8.0,3.0,10.0,1.0,1.0,3.0,3.0,1.0,2.0,2.25
2.0,1.0,3.0,3.0,3.0,2.0,8.0,8.0,7.0,6.0,8.0,8.0,10.0,1.0,2.0,4.0,2.0,2.0,2.0,2.5
2.0,3.0,3.0,3.0,3.0,2.0,9.0,9.0,7.0,7.0,8.0,5.0,10.0,1.0,1.0,2.0,2.0,2.0,2.0,2.0
3.0,1.0,3.0,4.0,2.0,1.0,4.0,4.0,3.0,1.0,3.0,3.0,5.0,2.0,2.0,4.0,2.0,1.0,3.0,2.5
2.0,3.0,3.0,3.0,3.0,2.0,8.0,6.0,7.0,4.0,10.0,8.0,8.0,1.0,1.0,2.0,2.0,2.0,2.0,2.0
2.0,3.0,3.0,3.0,3.0,3.0,9.0,8.0,6.0,4.0,4.0,6.0,2.0,2.0,3.0,2.0,2.0,2.0,2.0,2.0
2.0,2.0,2.0,3.0,3.0,2.0,6.0,6.0,5.0,5.0,5.0,9.0,5.0,1.0,2.0,3.0,3.0,2.0,2.0,2.5
3.0,3.0,3.0,4.0,4.0,2.0,10.0,10.0,10.0,10.0,10.0,7.0,5.0,3.0,2.0,2.0,2.0,1.0,1.0,1.5
2.0,2.0,3.0,4.0,4.0,2.0,7.0,8.0,7.0,6.0,8.0,3.0,7.0,3.0,2.0,3.0,2.0,1.0,1.0,1.75
2.0,3.0,3.0,4.0,3.0,2.0,9.0,9.0,4.0,8.0,8.0,8.0,1.0,2.0,2.0,2.0,2.0,1.0,2.0,1.75
1.0,4.0,4.0,4.0,4.0,1.0,4.0,5.0,7.0,6.0,6.0,5.0,5.0,3.0,3.0,1.0,1.0,1.0,1.0,1.0
1.0,3.0,3.0,3.0,3.0,2.0,6.0,6.0,5.0,5.0,6.0,5.0,5.0,3.0,3.0,2.0,2.0,2.0,2.0,2.0
1.0,4.0,4.0,4.0,4.0,2.0,5.0,5.0,6.0,6.0,6.0,5.0,5.0,3.0,3.0,1.0,1.0,1.0,1.0,1.0
2.0,2.0,2.0,2.0,2.0,2.0,5.0,5.0,6.0,6.0,8.0,6.0,10.0,1.0,1.0,3.0,3.0,3.0,3.0,3.0
3.0,3.0,1.0,4.0,2.0,3.0,,,,,6.0,5.0,1.0,1.0,1.0,2.0,4.0,1.0,3.0,2.5
3.0,3.0,2.0,4.0,3.0,1.0,5.0,5.0,5.0,7.0,6.0,6.0,7.0,1.0,1.0,2.0,3.0,1.0,2.0,2.0
1.0,3.0,4.0,4.0,3.0,2.0,7.0,7.0,3.0,4.0,6.0,1.0,5.0,1.0,1.0,2.0,1.0,1.0,2.0,1.5
2.0,3.0,3.0,2.0,2.0,2.0,,,,,6.0,5.0,10.0,1.0,1.0,2.0,2.0,3.0,3.0,2.5
1.0,1.0,3.0,4.0,3.0,4.0,6.0,5.0,2.0,1.0,7.0,7.0,10.0,1.0,1.0,4.0,2.0,1.0,2.0,2.25
2.0,2.0,3.0,3.0,3.0,3.0,8.0,8.0,6.0,6.0,5.0,7.0,10.0,2.0,3.0,3.0,2.0,2.0,2.0,2.25
3.0,3.0,2.0,2.0,2.0,2.0,6.0,6.0,5.0,8.0,4.0,6.0,10.0,1.0,1.0,2.0,3.0,3.0,3.0,2.75
2.0,2.0,3.0,3.0,3.0,2.0,6.0,8.0,6.0,6.0,6.0,8.0,9.0,1.0,1.0,3.0,2.0,2.0,2.0,2.25
2.0,3.0,3.0,3.0,3.0,2.0,8.0,8.0,8.0,7.0,10.0,8.0,7.0,2.0,2.0,2.0,2.0,2.0,2.0,2.0
2.0,3.0,2.0,2.0,2.0,2.0,10.0,10.0,6.0,10.0,6.0,10.0,10.0,1.0,1.0,2.0,3.0,3.0,3.0,2.75
2.0,3.0,3.0,3.0,3.0,3.0,5.0,5.0,6.0,6.0,6.0,4.0,,1.0,1.0,2.0,2.0,2.0,2.0,2.0
2.0,3.0,3.0,3.0,3.0,2.0,5.0,5.0,6.0,6.0,6.0,6.0,8.0,2.0,3.0,2.0,2.0,2.0,2.0,2.0
2.0,3.0,3.0,3.0,3.0,3.0,5.0,5.0,6.0,5.0,6.0,5.0,9.0,1.0,1.0,2.0,2.0,2.0,2.0,2.0
2.0,3.0,4.0,3.0,4.0,2.0,7.0,7.0,5.0,5.0,7.0,4.0,2.0,2.0,2.0,2.0,1.0,2.0,1.0,1.5
3.0,1.0,1.0,2.0,1.0,1.0,2.0,8.0,1.0,1.0,6.0,5.0,10.0,1.0,1.0,4.0,4.0,3.0,4.0,3.75
3.0,3.0,3.0,3.0,3.0,2.0,5.0,6.0,8.0,7.0,7.0,5.0,5.0,1.0,1.0,2.0,2.0,2.0,2.0,2.0
3.0,3.0,2.0,3.0,3.0,2.0,6.0,7.0,5.0,6.0,7.0,7.0,4.0,1.0,3.0,2.0,3.0,2.0,2.0,2.25
1.0,3.0,3.0,4.0,3.0,2.0,8.0,8.0,4.0,4.0,9.0,9.0,10.0,2.0,3.0,2.0,2.0,1.0,2.0,1.75
2.0,4.0,3.0,3.0,3.0,2.0,9.0,8.0,3.0,4.0,8.0,7.0,5.0,1.0,1.0,1.0,2.0,2.0,2.0,1.75
1.0,3.0,3.0,3.0,3.0,3.0,5.0,6.0,6.0,5.0,4.0,9.0,10.0,,,2.0,2.0,2.0,2.0,2.0
1.0,4.0,2.0,4.0,3.0,3.0,9.0,10.0,10.0,9.0,9.0,10.0,10.0,2.0,1.0,1.0,3.0,1.0,2.0,1.75
1.0,1.0,3.0,3.0,3.0,3.0,9.0,9.0,5.0,6.0,10.0,10.0,5.0,2.0,2.0,4.0,2.0,2.0,2.0,2.5
3.0,3.0,3.0,3.0,3.0,2.0,5.0,8.0,7.0,7.0,7.0,7.0,6.0,3.0,3.0,2.0,2.0,2.0,2.0,2.0
2.0,3.0,3.0,3.0,4.0,3.0,8.0,8.0,6.0,6.0,6.0,6.0,5.0,1.0,1.0,2.0,2.0,2.0,1.0,1.75
2.0,3.0,3.0,3.0,2.0,2.0,10.0,8.0,6.0,9.0,10.0,7.0,1.0,1.0,1.0,2.0,2.0,2.0,3.0,2.25
1.0,3.0,3.0,4.0,4.0,3.0,6.0,8.0,5.0,7.0,7.0,3.0,8.0,2.0,3.0,2.0,2.0,1.0,1.0,1.5
2.0,3.0,4.0,4.0,3.0,1.0,9.0,5.0,6.0,2.0,10.0,9.0,10.0,3.0,2.0,2.0,1.0,1.0,2.0,1.5
2.0,1.0,3.0,2.0,2.0,1.0,6.0,7.0,8.0,8.0,6.0,5.0,8.0,1.0,1.0,4.0,2.0,3.0,3.0,3.0
2.0,3.0,2.0,3.0,3.0,3.0,9.0,9.0,3.0,5.0,7.0,6.0,6.0,1.0,1.0,2.0,3.0,2.0,2.0,2.25
1.0,3.0,3.0,3.0,3.0,2.0,8.0,9.0,9.0,4.0,4.0,7.0,10.0,1.0,1.0,2.0,2.0,2.0,2.0,2.0
1.0,2.0,4.0,3.0,3.0,4.0,5.0,10.0,6.0,6.0,10.0,5.0,5.0,1.0,1.0,3.0,1.0,2.0,2.0,2.0
3.0,2.0,2.0,3.0,4.0,4.0,8.0,8.0,5.0,5.0,8.0,8.0,3.0,2.0,2.0,3.0,3.0,2.0,1.0,2.25
1.0,2.0,3.0,4.0,3.0,4.0,9.0,7.0,5.0,5.0,9.0,6.0,10.0,2.0,1.0,3.0,2.0,1.0,2.0,2.0
2.0,3.0,3.0,3.0,3.0,2.0,8.0,9.0,3.0,3.0,7.0,8.0,2.0,1.0,1.0,2.0,2.0,2.0,2.0,2.0
1.0,2.0,2.0,2.0,2.0,3.0,10.0,10.0,7.0,6.0,9.0,4.0,10.0,2.0,3.0,3.0,3.0,3.0,3.0,3.0
1.0,3.0,3.0,3.0,3.0,2.0,10.0,10.0,3.0,7.0,10.0,9.0,10.0,2.0,2.0,2.0,2.0,2.0,2.0,2.0
2.0,3.0,3.0,4.0,3.0,3.0,8.0,7.0,8.0,8.0,9.0,4.0,7.0,1.0,1.0,2.0,2.0,1.0,2.0,1.75
3.0,4.0,4.0,4.0,4.0,3.0,9.0,8.0,3.0,6.0,4.0,9.0,3.0,2.0,3.0,1.0,1.0,1.0,1.0,1.0
3.0,3.0,3.0,3.0,3.0,3.0,10.0,10.0,4.0,3.0,10.0,10.0,3.0,1.0,1.0,2.0,2.0,2.0,2.0,2.0
2.0,3.0,3.0,4.0,4.0,3.0,6.0,7.0,4.0,4.0,9.0,5.0,7.0,2.0,1.0,2.0,2.0,1.0,1.0,1.5
2.0,2.0,2.0,2.0,2.0,2.0,5.0,5.0,6.0,6.0,6.0,6.0,4.0,1.0,1.0,3.0,3.0,3.0,3.0,3.0
1.0,2.0,3.0,4.0,4.0,4.0,7.0,7.0,5.0,5.0,5.0,6.0,9.0,3.0,3.0,3.0,2.0,1.0,1.0,1.75
2.0,3.0,3.0,3.0,3.0,3.0,5.0,5.0,6.0,6.0,6.0,4.0,6.0,1.0,1.0,2.0,2.0,2.0,2.0,2.0
2.0,2.0,4.0,4.0,4.0,4.0,6.0,5.0,3.0,3.0,8.0,9.0,3.0,2.0,3.0,3.0,1.0,1.0,1.0,1.5
1.0,2.0,3.0,3.0,3.0,2.0,5.0,5.0,6.0,6.0,6.0,8.0,7.0,1.0,1.0,3.0,2.0,2.0,2.0,2.25
3.0,3.0,3.0,4.0,4.0,2.0,10.0,10.0,1.0,1.0,10.0,10.0,5.0,1.0,1.0,2.0,2.0,1.0,1.0,1.5
1.0,4.0,4.0,4.0,4.0,4.0,7.0,8.0,6.0,2.0,10.0,5.0,10.0,3.0,3.0,1.0,1.0,1.0,1.0,1.0
1.0,2.0,2.0,4.0,3.0,2.0,6.0,7.0,6.0,7.0,8.0,6.0,10.0,1.0,3.0,3.0,3.0,1.0,2.0,2.25
3.0,4.0,4.0,4.0,4.0,3.0,10.0,10.0,2.0,8.0,8.0,7.0,8.0,1.0,2.0,1.0,1.0,1.0,1.0,1.0
1.0,3.0,3.0,3.0,3.0,3.0,8.0,8.0,5.0,5.0,8.0,8.0,5.0,1.0,1.0,2.0,2.0,2.0,2.0,2.0
2.0,3.0,4.0,4.0,4.0,2.0,10.0,9.0,7.0,9.0,7.0,4.0,1.0,1.0,1.0,2.0,1.0,1.0,1.0,1.25
2.0,4.0,4.0,4.0,4.0,4.0,6.0,5.0,7.0,5.0,4.0,6.0,5.0,2.0,3.0,1.0,1.0,1.0,1.0,1.0
2.0,3.0,3.0,3.0,3.0,2.0,8.0,10.0,9.0,3.0,9.0,8.0,1.0,1.0,1.0,2.0,2.0,2.0,2.0,2.0
1.0,1.0,2.0,4.0,1.0,1.0,6.0,7.0,5.0,8.0,9.0,3.0,5.0,3.0,3.0,4.0,3.0,1.0,4.0,3.0
2.0,3.0,3.0,3.0,3.0,2.0,8.0,8.0,6.0,6.0,10.0,8.0,10.0,2.0,1.0,2.0,2.0,2.0,2.0,2.0
1.0,2.0,3.0,3.0,3.0,2.0,5.0,5.0,6.0,6.0,6.0,6.0,5.0,1.0,1.0,3.0,2.0,2.0,2.0,2.25
2.0,3.0,3.0,3.0,3.0,3.0,5.0,5.0,6.0,6.0,6.0,5.0,8.0,1.0,,2.0,2.0,2.0,2.0,2.0
3.0,3.0,3.0,3.0,3.0,2.0,5.0,5.0,6.0,6.0,6.0,6.0,6.0,2.0,2.0,2.0,2.0,2.0,2.0,2.0
2.0,3.0,3.0,3.0,3.0,1.0,10.0,10.0,6.0,6.0,6.0,10.0,5.0,1.0,1.0,2.0,2.0,2.0,2.0,2.0
2.0,2.0,3.0,3.0,3.0,3.0,5.0,5.0,6.0,6.0,6.0,,7.0,1.0,1.0,3.0,2.0,2.0,2.0,2.25
2.0,2.0,2.0,3.0,2.0,2.0,5.0,5.0,6.0,6.0,6.0,7.0,6.0,,,3.0,3.0,2.0,3.0,2.75
2.0,3.0,3.0,3.0,3.0,2.0,5.0,5.0,3.0,4.0,8.0,7.0,9.0,2.0,2.0,2.0,2.0,2.0,2.0,2.0
2.0,3.0,3.0,3.0,3.0,3.0,5.0,5.0,6.0,6.0,6.0,6.0,8.0,1.0,1.0,2.0,2.0,2.0,2.0,2.0
2.0,2.0,3.0,2.0,3.0,2.0,10.0,10.0,1.0,1.0,10.0,10.0,8.0,,,3.0,2.0,3.0,2.0,2.5
2.0,2.0,2.0,2.0,2.0,2.0,5.0,5.0,5.0,6.0,6.0,6.0,10.0,2.0,2.0,3.0,3.0,3.0,3.0,3.0
2.0,3.0,3.0,3.0,3.0,3.0,8.0,8.0,3.0,3.0,5.0,6.0,7.0,3.0,3.0,2.0,2.0,2.0,2.0,2.0
2.0,3.0,4.0,1.0,1.0,1.0,7.0,7.0,3.0,3.0,7.0,5.0,5.0,2.0,1.0,2.0,1.0,4.0,4.0,2.75
2.0,3.0,3.0,3.0,3.0,2.0,9.0,10.0,,9.0,10.0,2.0,1.0,1.0,1.0,2.0,2.0,2.0,2.0,2.0
2.0,3.0,3.0,3.0,3.0,2.0,7.0,7.0,6.0,6.0,3.0,3.0,5.0,1.0,1.0,2.0,2.0,2.0,2.0,2.0
2.0,3.0,4.0,4.0,4.0,1.0,9.0,9.0,4.0,7.0,10.0,7.0,9.0,2.0,1.0,2.0,1.0,1.0,1.0,1.25
1.0,3.0,2.0,4.0,2.0,2.0,3.0,5.0,5.0,4.0,10.0,8.0,10.0,1.0,1.0,2.0,3.0,1.0,3.0,2.25
1.0,3.0,3.0,3.0,3.0,2.0,8.0,7.0,4.0,8.0,10.0,5.0,10.0,1.0,1.0,2.0,2.0,2.0,2.0,2.0
1.0,2.0,2.0,2.0,2.0,2.0,9.0,9.0,1.0,4.0,8.0,2.0,10.0,1.0,1.0,3.0,3.0,3.0,3.0,3.0
,,2.0,1.0,1.0,3.0,5.0,5.0,6.0,6.0,3.0,3.0,5.0,2.0,1.0,,3.0,4.0,4.0,
2.0,4.0,3.0,4.0,3.0,3.0,6.0,6.0,4.0,3.0,9.0,8.0,9.0,1.0,1.0,1.0,2.0,1.0,2.0,1.5
1.0,4.0,4.0,4.0,4.0,2.0,5.0,5.0,6.0,6.0,6.0,5.0,5.0,3.0,3.0,1.0,1.0,1.0,1.0,1.0
1.0,3.0,3.0,3.0,3.0,3.0,7.0,7.0,4.0,6.0,6.0,7.0,6.0,2.0,3.0,2.0,2.0,2.0,2.0,2.0
2.0,2.0,3.0,3.0,3.0,2.0,6.0,6.0,5.0,5.0,5.0,6.0,6.0,,,3.0,2.0,2.0,2.0,2.25
2.0,2.0,3.0,3.0,3.0,2.0,8.0,8.0,6.0,6.0,8.0,4.0,5.0,3.0,3.0,3.0,2.0,2.0,2.0,2.25
1.0,4.0,4.0,4.0,4.0,4.0,10.0,10.0,6.0,6.0,10.0,5.0,10.0,1.0,3.0,1.0,1.0,1.0,1.0,1.0
2.0,4.0,3.0,4.0,3.0,2.0,8.0,6.0,4.0,6.0,8.0,5.0,8.0,2.0,1.0,1.0,2.0,1.0,2.0,1.5
2.0,3.0,4.0,3.0,3.0,2.0,5.0,4.0,9.0,9.0,7.0,3.0,9.0,,,2.0,1.0,2.0,2.0,1.75
3.0,3.0,3.0,3.0,3.0,2.0,8.0,8.0,5.0,8.0,9.0,8.0,8.0,1.0,1.0,2.0,2.0,2.0,2.0,2.0
2.0,4.0,1.0,4.0,3.0,2.0,5.0,5.0,6.0,6.0,6.0,10.0,10.0,1.0,1.0,1.0,4.0,1.0,2.0,2.0
2.0,2.0,2.0,3.0,3.0,3.0,10.0,10.0,6.0,6.0,8.0,7.0,4.0,1.0,1.0,3.0,3.0,2.0,2.0,2.5
1.0,1.0,1.0,3.0,3.0,2.0,5.0,4.0,5.0,6.0,3.0,8.0,8.0,1.0,1.0,4.0,4.0,2.0,2.0,3.0
1.0,4.0,1.0,2.0,2.0,2.0,5.0,5.0,6.0,6.0,6.0,5.0,1.0,1.0,1.0,1.0,4.0,3.0,3.0,2.75
2.0,2.0,3.0,3.0,3.0,3.0,10.0,10.0,10.0,10.0,1.0,10.0,4.0,1.0,1.0,3.0,2.0,2.0,2.0,2.25
2.0,3.0,3.0,3.0,3.0,1.0,9.0,9.0,5.0,3.0,7.0,9.0,7.0,2.0,2.0,2.0,2.0,2.0,2.0,2.0
1.0,2.0,3.0,4.0,3.0,3.0,8.0,8.0,3.0,3.0,5.0,6.0,8.0,1.0,2.0,3.0,2.0,1.0,2.0,2.0
1.0,3.0,3.0,3.0,3.0,2.0,9.0,9.0,4.0,6.0,7.0,5.0,1.0,2.0,1.0,2.0,2.0,2.0,2.0,2.0
2.0,3.0,2.0,3.0,2.0,3.0,7.0,5.0,4.0,4.0,8.0,3.0,8.0,3.0,3.0,2.0,3.0,2.0,3.0,2.5
2.0,3.0,3.0,4.0,4.0,1.0,8.0,8.0,2.0,3.0,5.0,6.0,5.0,1.0,1.0,2.0,2.0,1.0,1.0,1.5
2.0,2.0,3.0,3.0,3.0,2.0,9.0,9.0,3.0,8.0,9.0,9.0,10.0,1.0,1.0,3.0,2.0,2.0,2.0,2.25
1.0,3.0,4.0,4.0,4.0,1.0,5.0,3.0,1.0,1.0,8.0,7.0,8.0,1.0,1.0,2.0,1.0,1.0,1.0,1.25
2.0,3.0,3.0,3.0,3.0,3.0,9.0,9.0,3.0,3.0,8.0,9.0,10.0,1.0,1.0,2.0,2.0,2.0,2.0,2.0
1.0,4.0,4.0,4.0,4.0,1.0,5.0,5.0,6.0,6.0,6.0,8.0,10.0,1.0,2.0,1.0,1.0,1.0,1.0,1.0
2.0,3.0,2.0,2.0,2.0,3.0,6.0,5.0,6.0,6.0,6.0,7.0,9.0,1.0,1.0,2.0,3.0,3.0,3.0,2.75
2.0,2.0,2.0,2.0,2.0,2.0,5.0,5.0,6.0,6.0,6.0,5.0,6.0,1.0,1.0,3.0,3.0,3.0,3.0,3.0
2.0,2.0,2.0,2.0,2.0,2.0,10.0,10.0,6.0,4.0,6.0,7.0,7.0,1.0,2.0,3.0,3.0,3.0,3.0,3.0
1.0,3.0,4.0,4.0,4.0,2.0,10.0,10.0,9.0,10.0,6.0,4.0,1.0,1.0,1.0,2.0,1.0,1.0,1.0,1.25
2.0,3.0,2.0,3.0,3.0,2.0,5.0,5.0,6.0,6.0,6.0,5.0,1.0,1.0,2.0,2.0,3.0,2.0,2.0,2.25
1.0,2.0,3.0,2.0,2.0,4.0,6.0,5.0,5.0,5.0,6.0,6.0,10.0,1.0,2.0,3.0,2.0,3.0,3.0,2.75
2.0,3.0,3.0,3.0,3.0,3.0,8.0,8.0,5.0,5.0,8.0,8.0,10.0,1.0,1.0,2.0,2.0,2.0,2.0,2.0
2.0,3.0,3.0,3.0,3.0,3.0,5.0,5.0,4.0,6.0,6.0,7.0,5.0,1.0,1.0,2.0,2.0,2.0,2.0,2.0
3.0,3.0,3.0,3.0,3.0,2.0,7.0,5.0,6.0,4.0,5.0,7.0,8.0,1.0,1.0,2.0,2.0,2.0,2.0,2.0
2.0,2.0,3.0,2.0,3.0,2.0,6.0,5.0,6.0,6.0,8.0,5.0,10.0,1.0,1.0,3.0,2.0,3.0,2.0,2.5
2.0,2.0,3.0,3.0,3.0,2.0,8.0,8.0,3.0,6.0,9.0,7.0,8.0,1.0,1.0,3.0,2.0,2.0,2.0,2.25
2.0,2.0,2.0,3.0,3.0,2.0,7.0,7.0,6.0,5.0,8.0,6.0,8.0,1.0,1.0,3.0,3.0,2.0,2.0,2.5
2.0,3.0,3.0,3.0,3.0,2.0,6.0,8.0,4.0,4.0,7.0,8.0,5.0,1.0,2.0,2.0,2.0,2.0,2.0,2.0
2.0,2.0,2.0,4.0,3.0,2.0,9.0,9.0,2.0,8.0,10.0,9.0,7.0,2.0,2.0,3.0,3.0,1.0,2.0,2.25
2.0,2.0,3.0,3.0,3.0,2.0,5.0,8.0,3.0,4.0,8.0,7.0,7.0,1.0,1.0,3.0,2.0,2.0,2.0,2.25
1.0,2.0,3.0,4.0,4.0,2.0,9.0,9.0,10.0,10.0,9.0,2.0,3.0,2.0,2.0,3.0,2.0,1.0,1.0,1.75
1.0,3.0,4.0,4.0,4.0,1.0,9.0,9.0,9.0,9.0,10.0,4.0,1.0,1.0,1.0,2.0,1.0,1.0,1.0,1.25
1.0,2.0,3.0,3.0,3.0,3.0,9.0,9.0,3.0,6.0,7.0,7.0,9.0,1.0,3.0,3.0,2.0,2.0,2.0,2.25
2.0,4.0,4.0,4.0,4.0,3.0,9.0,9.0,9.0,9.0,9.0,4.0,6.0,1.0,1.0,1.0,1.0,1.0,1.0,1.0
2.0,3.0,3.0,2.0,2.0,2.0,10.0,10.0,10.0,10.0,8.0,10.0,8.0,1.0,1.0,2.0,2.0,3.0,3.0,2.5
1.0,3.0,1.0,3.0,3.0,2.0,5.0,5.0,8.0,6.0,6.0,7.0,5.0,1.0,1.0,2.0,4.0,2.0,2.0,2.5
1.0,4.0,4.0,4.0,4.0,4.0,8.0,5.0,3.0,3.0,9.0,5.0,5.0,2.0,1.0,1.0,1.0,1.0,1.0,1.0
2.0,2.0,3.0,3.0,3.0,3.0,9.0,8.0,4.0,3.0,8.0,9.0,8.0,2.0,2.0,3.0,2.0,2.0,2.0,2.25
2.0,2.0,2.0,3.0,4.0,2.0,5.0,5.0,6.0,6.0,5.0,8.0,10.0,1.0,1.0,3.0,3.0,2.0,1.0,2.25
1.0,2.0,3.0,4.0,3.0,1.0,5.0,10.0,6.0,6.0,6.0,6.0,10.0,1.0,2.0,3.0,2.0,1.0,2.0,2.0
3.0,2.0,2.0,3.0,2.0,2.0,8.0,8.0,3.0,9.0,8.0,9.0,8.0,1.0,1.0,3.0,3.0,2.0,3.0,2.75
1.0,2.0,2.0,3.0,2.0,2.0,5.0,5.0,3.0,4.0,4.0,8.0,10.0,3.0,3.0,3.0,3.0,2.0,3.0,2.75
1.0,3.0,3.0,3.0,3.0,2.0,10.0,10.0,3.0,4.0,8.0,7.0,1.0,1.0,1.0,2.0,2.0,2.0,2.0,2.0
2.0,2.0,2.0,2.0,3.0,2.0,9.0,10.0,1.0,4.0,10.0,10.0,10.0,1.0,1.0,3.0,3.0,3.0,2.0,2.75
2.0,3.0,3.0,4.0,3.0,2.0,8.0,8.0,4.0,8.0,7.0,7.0,6.0,1.0,1.0,2.0,2.0,1.0,2.0,1.75
2.0,3.0,4.0,4.0,4.0,2.0,9.0,8.0,5.0,9.0,10.0,5.0,3.0,3.0,3.0,2.0,1.0,1.0,1.0,1.25
2.0,2.0,2.0,3.0,3.0,2.0,3.0,2.0,1.0,6.0,5.0,6.0,10.0,1.0,2.0,3.0,3.0,2.0,2.0,2.5
1.0,1.0,4.0,4.0,4.0,1.0,7.0,10.0,10.0,10.0,10.0,4.0,8.0,2.0,2.0,4.0,1.0,1.0,1.0,1.75
2.0,4.0,2.0,4.0,4.0,1.0,8.0,8.0,4.0,4.0,3.0,8.0,10.0,1.0,1.0,1.0,3.0,1.0,1.0,1.5
2.0,3.0,3.0,3.0,3.0,2.0,8.0,8.0,10.0,10.0,10.0,6.0,1.0,2.0,2.0,2.0,2.0,2.0,2.0,2.0
2.0,3.0,2.0,3.0,3.0,3.0,8.0,5.0,4.0,6.0,8.0,5.0,10.0,1.0,,2.0,3.0,2.0,2.0,2.25
2.0,2.0,3.0,3.0,3.0,3.0,10.0,10.0,9.0,6.0,9.0,9.0,5.0,1.0,1.0,3.0,2.0,2.0,2.0,2.25
2.0,3.0,3.0,4.0,3.0,2.0,8.0,8.0,3.0,3.0,8.0,4.0,8.0,1.0,1.0,2.0,2.0,1.0,2.0,1.75
2.0,1.0,2.0,4.0,3.0,2.0,7.0,3.0,4.0,2.0,4.0,9.0,10.0,2.0,3.0,4.0,3.0,1.0,2.0,2.5
1.0,3.0,3.0,3.0,3.0,3.0,10.0,10.0,4.0,6.0,8.0,7.0,10.0,2.0,1.0,2.0,2.0,2.0,2.0,2.0
1.0,2.0,3.0,3.0,3.0,2.0,9.0,9.0,2.0,2.0,4.0,9.0,10.0,1.0,1.0,3.0,2.0,2.0,2.0,2.25
2.0,3.0,2.0,2.0,3.0,2.0,6.0,8.0,3.0,6.0,4.0,10.0,10.0,1.0,2.0,2.0,3.0,3.0,2.0,2.5
3.0,3.0,3.0,3.0,3.0,2.0,6.0,7.0,6.0,6.0,8.0,6.0,5.0,2.0,1.0,2.0,2.0,2.0,2.0,2.0
1.0,3.0,3.0,4.0,4.0,1.0,8.0,6.0,5.0,5.0,7.0,8.0,10.0,2.0,2.0,2.0,2.0,1.0,1.0,1.5
2.0,3.0,3.0,3.0,3.0,2.0,7.0,7.0,4.0,4.0,8.0,5.0,5.0,1.0,1.0,2.0,2.0,2.0,2.0,2.0
2.0,3.0,3.0,4.0,2.0,2.0,5.0,5.0,8.0,8.0,8.0,5.0,3.0,2.0,2.0,2.0,2.0,1.0,3.0,2.0
2.0,2.0,1.0,1.0,2.0,2.0,7.0,7.0,3.0,4.0,5.0,6.0,10.0,1.0,,3.0,4.0,4.0,3.0,3.5
2.0,2.0,2.0,3.0,2.0,2.0,5.0,5.0,7.0,7.0,6.0,4.0,10.0,1.0,,3.0,3.0,2.0,3.0,2.75
2.0,3.0,3.0,3.0,3.0,2.0,10.0,10.0,1.0,3.0,8.0,8.0,5.0,1.0,2.0,2.0,2.0,2.0,2.0,2.0
2.0,3.0,3.0,3.0,3.0,2.0,5.0,5.0,6.0,6.0,6.0,5.0,5.0,1.0,1.0,2.0,2.0,2.0,2.0,2.0
1.0,1.0,2.0,3.0,1.0,3.0,8.0,8.0,3.0,1.0,10.0,6.0,10.0,1.0,2.0,4.0,3.0,2.0,4.0,3.25
1.0,3.0,2.0,3.0,3.0,2.0,8.0,7.0,4.0,10.0,7.0,9.0,5.0,2.0,2.0,2.0,3.0,2.0,2.0,2.25
2.0,3.0,2.0,2.0,2.0,2.0,4.0,4.0,7.0,5.0,5.0,5.0,5.0,1.0,2.0,2.0,3.0,3.0,3.0,2.75
1.0,1.0,2.0,3.0,2.0,3.0,5.0,5.0,6.0,6.0,5.0,4.0,7.0,,,4.0,3.0,2.0,3.0,3.0
2.0,3.0,3.0,4.0,4.0,2.0,7.0,7.0,4.0,4.0,4.0,7.0,10.0,2.0,2.0,2.0,2.0,1.0,1.0,1.5
2.0,4.0,3.0,4.0,3.0,2.0,7.0,6.0,5.0,8.0,9.0,5.0,7.0,1.0,1.0,1.0,2.0,1.0,2.0,1.5
1.0,2.0,2.0,2.0,2.0,2.0,6.0,6.0,9.0,9.0,1.0,7.0,7.0,1.0,1.0,3.0,3.0,3.0,3.0,3.0
1.0,4.0,4.0,4.0,4.0,4.0,7.0,7.0,9.0,10.0,9.0,8.0,10.0,2.0,2.0,1.0,1.0,1.0,1.0,1.0
3.0,4.0,4.0,4.0,4.0,1.0,5.0,5.0,8.0,8.0,8.0,8.0,5.0,1.0,1.0,1.0,1.0,1.0,1.0,1.0
2.0,4.0,4.0,3.0,3.0,3.0,5.0,5.0,6.0,6.0,4.0,6.0,7.0,2.0,2.0,1.0,1.0,2.0,2.0,1.5
1.0,3.0,1.0,3.0,3.0,1.0,7.0,7.0,9.0,6.0,4.0,7.0,10.0,1.0,1.0,2.0,4.0,2.0,2.0,2.5
2.0,3.0,2.0,2.0,3.0,3.0,8.0,8.0,10.0,8.0,10.0,10.0,5.0,1.0,1.0,2.0,3.0,3.0,2.0,2.5
2.0,3.0,3.0,3.0,3.0,3.0,8.0,5.0,9.0,7.0,7.0,4.0,1.0,3.0,3.0,2.0,2.0,2.0,2.0,2.0
2.0,2.0,2.0,3.0,2.0,3.0,8.0,8.0,9.0,6.0,5.0,7.0,8.0,1.0,1.0,3.0,3.0,2.0,3.0,2.75
1.0,3.0,2.0,2.0,2.0,2.0,5.0,6.0,5.0,6.0,7.0,7.0,3.0,3.0,2.0,2.0,3.0,3.0,3.0,2.75
2.0,3.0,3.0,3.0,3.0,3.0,6.0,6.0,8.0,5.0,4.0,7.0,1.0,1.0,1.0,2.0,2.0,2.0,2.0,2.0
2.0,2.0,3.0,3.0,3.0,2.0,1.0,1.0,10.0,10.0,10.0,1.0,7.0,1.0,,3.0,2.0,2.0,2.0,2.25
2.0,2.0,2.0,3.0,2.0,2.0,7.0,6.0,4.0,4.0,4.0,7.0,9.0,1.0,1.0,3.0,3.0,2.0,3.0,2.75
2.0,3.0,2.0,3.0,3.0,3.0,5.0,5.0,6.0,6.0,6.0,5.0,7.0,1.0,1.0,2.0,3.0,2.0,2.0,2.25
2.0,3.0,3.0,4.0,3.0,2.0,8.0,7.0,7.0,8.0,8.0,4.0,1.0,1.0,1.0,2.0,2.0,1.0,2.0,1.75
3.0,2.0,1.0,1.0,1.0,2.0,7.0,9.0,3.0,5.0,5.0,8.0,8.0,1.0,1.0,3.0,4.0,4.0,4.0,3.75
2.0,3.0,3.0,3.0,3.0,2.0,8.0,7.0,6.0,5.0,4.0,6.0,5.0,1.0,1.0,2.0,2.0,2.0,2.0,2.0
2.0,1.0,1.0,3.0,3.0,1.0,8.0,9.0,3.0,7.0,6.0,8.0,5.0,1.0,1.0,4.0,4.0,2.0,2.0,3.0
2.0,3.0,3.0,3.0,3.0,2.0,5.0,5.0,6.0,6.0,7.0,7.0,7.0,1.0,1.0,2.0,2.0,2.0,2.0,2.0
2.0,1.0,3.0,3.0,3.0,3.0,8.0,5.0,6.0,7.0,8.0,3.0,1.0,2.0,,4.0,2.0,2.0,2.0,2.5
2.0,2.0,3.0,3.0,3.0,3.0,7.0,7.0,6.0,6.0,8.0,6.0,7.0,1.0,1.0,3.0,2.0,2.0,2.0,2.25
1.0,1.0,3.0,3.0,3.0,3.0,7.0,6.0,6.0,6.0,6.0,5.0,5.0,3.0,3.0,4.0,2.0,2.0,2.0,2.5
1.0,1.0,4.0,4.0,4.0,2.0,6.0,7.0,2.0,2.0,6.0,4.0,1.0,1.0,2.0,4.0,1.0,1.0,1.0,1.75
2.0,2.0,2.0,3.0,3.0,2.0,7.0,7.0,3.0,3.0,4.0,8.0,5.0,1.0,1.0,3.0,3.0,2.0,2.0,2.5
2.0,2.0,2.0,2.0,3.0,2.0,7.0,7.0,5.0,5.0,5.0,7.0,8.0,1.0,1.0,3.0,3.0,3.0,2.0,2.75
2.0,3.0,3.0,4.0,4.0,2.0,9.0,3.0,8.0,8.0,9.0,6.0,7.0,1.0,1.0,2.0,2.0,1.0,1.0,1.5
3.0,3.0,3.0,2.0,3.0,2.0,6.0,9.0,3.0,8.0,8.0,8.0,5.0,2.0,3.0,2.0,2.0,3.0,2.0,2.25
3.0,2.0,3.0,3.0,3.0,3.0,7.0,7.0,,6.0,4.0,8.0,7.0,1.0,1.0,3.0,2.0,2.0,2.0,2.25
2.0,4.0,4.0,4.0,4.0,2.0,8.0,9.0,9.0,9.0,9.0,6.0,3.0,3.0,3.0,1.0,1.0,1.0,1.0,1.0
1.0,3.0,2.0,3.0,3.0,2.0,9.0,9.0,2.0,2.0,10.0,9.0,10.0,1.0,1.0,2.0,3.0,2.0,2.0,2.25
2.0,3.0,3.0,3.0,3.0,2.0,5.0,5.0,6.0,6.0,6.0,5.0,6.0,1.0,1.0,2.0,2.0,2.0,2.0,2.0
1.0,4.0,2.0,1.0,3.0,4.0,8.0,8.0,8.0,8.0,7.0,9.0,9.0,2.0,2.0,1.0,3.0,4.0,2.0,2.5
1.0,3.0,2.0,3.0,2.0,2.0,6.0,7.0,7.0,6.0,6.0,8.0,7.0,1.0,1.0,2.0,3.0,2.0,3.0,2.5
2.0,3.0,3.0,2.0,2.0,2.0,2.0,2.0,9.0,9.0,9.0,2.0,10.0,,1.0,2.0,2.0,3.0,3.0,2.5
1.0,2.0,3.0,3.0,3.0,3.0,6.0,6.0,7.0,6.0,7.0,9.0,10.0,2.0,2.0,3.0,2.0,2.0,2.0,2.25
2.0,3.0,3.0,3.0,3.0,2.0,5.0,4.0,6.0,6.0,8.0,3.0,5.0,1.0,1.0,2.0,2.0,2.0,2.0,2.0
1.0,3.0,3.0,4.0,4.0,1.0,10.0,10.0,6.0,6.0,7.0,5.0,9.0,1.0,2.0,2.0,2.0,1.0,1.0,1.5
2.0,3.0,3.0,3.0,3.0,2.0,7.0,7.0,9.0,6.0,9.0,5.0,10.0,2.0,1.0,2.0,2.0,2.0,2.0,2.0
2.0,2.0,2.0,2.0,2.0,3.0,6.0,6.0,8.0,8.0,7.0,7.0,10.0,2.0,2.0,3.0,3.0,3.0,3.0,3.0
1.0,2.0,2.0,2.0,2.0,3.0,5.0,9.0,6.0,6.0,4.0,7.0,10.0,1.0,1.0,3.0,3.0,3.0,3.0,3.0
1.0,3.0,3.0,3.0,3.0,3.0,7.0,7.0,6.0,6.0,6.0,8.0,1.0,1.0,1.0,2.0,2.0,2.0,2.0,2.0
1.0,3.0,2.0,4.0,3.0,3.0,5.0,5.0,6.0,6.0,6.0,5.0,5.0,1.0,1.0,2.0,3.0,1.0,2.0,2.0
1.0,1.0,2.0,3.0,3.0,4.0,5.0,5.0,6.0,6.0,6.0,5.0,5.0,,,4.0,3.0,2.0,2.0,2.75
2.0,2.0,4.0,4.0,4.0,4.0,5.0,5.0,6.0,6.0,6.0,5.0,5.0,3.0,3.0,3.0,1.0,1.0,1.0,1.5
1.0,3.0,3.0,3.0,2.0,3.0,5.0,5.0,6.0,6.0,6.0,5.0,10.0,1.0,1.0,2.0,2.0,2.0,3.0,2.25
2.0,3.0,3.0,3.0,3.0,3.0,5.0,5.0,6.0,6.0,1.0,6.0,1.0,1.0,1.0,2.0,2.0,2.0,2.0,2.0
2.0,3.0,3.0,3.0,3.0,3.0,7.0,7.0,5.0,5.0,7.0,7.0,6.0,1.0,2.0,2.0,2.0,2.0,2.0,2.0
1.0,3.0,3.0,2.0,2.0,2.0,6.0,5.0,6.0,6.0,6.0,5.0,3.0,1.0,1.0,2.0,2.0,3.0,3.0,2.5
1.0,3.0,3.0,3.0,2.0,3.0,9.0,9.0,5.0,8.0,8.0,8.0,3.0,2.0,2.0,2.0,2.0,2.0,3.0,2.25
1.0,2.0,3.0,2.0,2.0,4.0,7.0,8.0,3.0,1.0,10.0,10.0,8.0,1.0,1.0,3.0,2.0,3.0,3.0,2.75
2.0,3.0,4.0,4.0,4.0,2.0,9.0,10.0,10.0,10.0,8.0,8.0,7.0,2.0,2.0,2.0,1.0,1.0,1.0,1.25
3.0,3.0,3.0,3.0,3.0,3.0,10.0,10.0,8.0,8.0,8.0,6.0,9.0,3.0,2.0,2.0,2.0,2.0,2.0,2.0
2.0,2.0,2.0,3.0,1.0,2.0,10.0,10.0,7.0,6.0,10.0,10.0,10.0,1.0,1.0,3.0,3.0,2.0,4.0,3.0
1.0,2.0,2.0,4.0,2.0,2.0,10.0,10.0,10.0,10.0,10.0,10.0,8.0,2.0,2.0,3.0,3.0,1.0,3.0,2.5
2.0,2.0,2.0,2.0,2.0,1.0,10.0,8.0,5.0,5.0,3.0,10.0,10.0,1.0,1.0,3.0,3.0,3.0,3.0,3.0
2.0,3.0,3.0,3.0,3.0,2.0,9.0,9.0,4.0,3.0,7.0,8.0,10.0,1.0,2.0,2.0,2.0,2.0,2.0,2.0
2.0,2.0,3.0,4.0,4.0,1.0,8.0,9.0,8.0,5.0,9.0,7.0,3.0,3.0,3.0,3.0,2.0,1.0,1.0,1.75
2.0,4.0,2.0,3.0,2.0,1.0,6.0,6.0,5.0,8.0,8.0,6.0,10.0,2.0,2.0,1.0,3.0,2.0,3.0,2.25
2.0,2.0,3.0,3.0,3.0,2.0,6.0,7.0,9.0,6.0,8.0,7.0,8.0,2.0,2.0,3.0,2.0,2.0,2.0,2.25
1.0,3.0,2.0,3.0,2.0,3.0,6.0,6.0,6.0,5.0,8.0,5.0,8.0,1.0,2.0,2.0,3.0,2.0,3.0,2.5
1.0,4.0,4.0,1.0,1.0,4.0,8.0,8.0,10.0,6.0,5.0,6.0,2.0,2.0,2.0,1.0,1.0,4.0,4.0,2.5
,3.0,3.0,4.0,3.0,1.0,7.0,7.0,6.0,4.0,8.0,7.0,5.0,,1.0,2.0,2.0,1.0,2.0,1.75
2.0,2.0,3.0,4.0,3.0,3.0,7.0,7.0,6.0,6.0,7.0,3.0,8.0,,2.0,3.0,2.0,1.0,2.0,2.0
3.0,2.0,4.0,4.0,3.0,4.0,6.0,9.0,9.0,6.0,3.0,9.0,5.0,1.0,1.0,3.0,1.0,1.0,2.0,1.75
2.0,3.0,3.0,3.0,3.0,3.0,10.0,10.0,8.0,4.0,9.0,6.0,1.0,3.0,3.0,2.0,2.0,2.0,2.0,2.0
2.0,3.0,3.0,3.0,3.0,3.0,5.0,5.0,6.0,6.0,6.0,5.0,5.0,2.0,2.0,2.0,2.0,2.0,2.0,2.0
2.0,2.0,2.0,2.0,3.0,2.0,10.0,10.0,1.0,1.0,1.0,10.0,10.0,1.0,1.0,3.0,3.0,3.0,2.0,2.75
2.0,3.0,3.0,3.0,3.0,3.0,5.0,5.0,6.0,6.0,6.0,5.0,5.0,,,2.0,2.0,2.0,2.0,2.0
2.0,3.0,3.0,3.0,3.0,3.0,5.0,5.0,9.0,6.0,6.0,5.0,10.0,1.0,1.0,2.0,2.0,2.0,2.0,2.0
2.0,3.0,3.0,3.0,3.0,2.0,5.0,5.0,6.0,6.0,6.0,5.0,10.0,1.0,1.0,2.0,2.0,2.0,2.0,2.0
1.0,4.0,,3.0,3.0,3.0,5.0,5.0,6.0,6.0,6.0,5.0,5.0,,,1.0,,2.0,2.0,
1.0,3.0,3.0,3.0,3.0,3.0,5.0,5.0,6.0,6.0,6.0,5.0,10.0,1.0,1.0,2.0,2.0,2.0,2.0,2.0
1.0,3.0,4.0,4.0,3.0,2.0,8.0,7.0,4.0,8.0,8.0,7.0,8.0,1.0,1.0,2.0,1.0,1.0,2.0,1.5
3.0,3.0,4.0,3.0,3.0,3.0,8.0,6.0,7.0,10.0,10.0,6.0,4.0,1.0,3.0,2.0,1.0,2.0,2.0,1.75
3.0,2.0,3.0,3.0,3.0,2.0,8.0,8.0,4.0,5.0,8.0,4.0,5.0,1.0,1.0,3.0,2.0,2.0,2.0,2.25
2.0,3.0,2.0,3.0,3.0,3.0,8.0,7.0,6.0,5.0,10.0,3.0,4.0,1.0,1.0,2.0,3.0,2.0,2.0,2.25
2.0,3.0,3.0,3.0,3.0,1.0,8.0,10.0,4.0,3.0,10.0,2.0,5.0,2.0,2.0,2.0,2.0,2.0,2.0,2.0
3.0,3.0,3.0,4.0,4.0,3.0,8.0,8.0,5.0,6.0,7.0,7.0,7.0,,,2.0,2.0,1.0,1.0,1.5
1.0,3.0,3.0,3.0,3.0,3.0,7.0,7.0,6.0,5.0,8.0,7.0,9.0,1.0,1.0,2.0,2.0,2.0,2.0,2.0
2.0,3.0,3.0,3.0,3.0,2.0,10.0,10.0,9.0,10.0,10.0,2.0,8.0,2.0,2.0,2.0,2.0,2.0,2.0,2.0
2.0,3.0,2.0,4.0,3.0,2.0,5.0,6.0,7.0,6.0,6.0,5.0,4.0,1.0,1.0,2.0,3.0,1.0,2.0,2.0
2.0,3.0,3.0,3.0,3.0,3.0,8.0,8.0,6.0,5.0,5.0,6.0,8.0,1.0,1.0,2.0,2.0,2.0,2.0,2.0
2.0,3.0,4.0,4.0,4.0,2.0,8.0,8.0,5.0,5.0,8.0,7.0,6.0,1.0,1.0,2.0,1.0,1.0,1.0,1.25
1.0,3.0,3.0,2.0,2.0,3.0,10.0,10.0,6.0,6.0,8.0,6.0,7.0,1.0,1.0,2.0,2.0,3.0,3.0,2.5
1.0,1.0,3.0,2.0,3.0,1.0,5.0,8.0,3.0,3.0,8.0,3.0,9.0,1.0,1.0,4.0,2.0,3.0,2.0,2.75
2.0,4.0,4.0,4.0,4.0,3.0,8.0,7.0,10.0,10.0,2.0,7.0,1.0,2.0,2.0,1.0,1.0,1.0,1.0,1.0
2.0,3.0,3.0,3.0,3.0,2.0,8.0,9.0,6.0,3.0,8.0,7.0,6.0,1.0,1.0,2.0,2.0,2.0,2.0,2.0
2.0,3.0,3.0,3.0,2.0,2.0,6.0,6.0,4.0,5.0,4.0,7.0,8.0,1.0,1.0,2.0,2.0,2.0,3.0,2.25
2.0,3.0,2.0,2.0,2.0,2.0,9.0,9.0,8.0,8.0,8.0,8.0,3.0,,,2.0,3.0,3.0,3.0,2.75
1.0,2.0,2.0,4.0,3.0,1.0,9.0,8.0,7.0,6.0,10.0,5.0,6.0,1.0,1.0,3.0,3.0,1.0,2.0,2.25
1.0,2.0,2.0,1.0,3.0,3.0,6.0,4.0,3.0,4.0,8.0,8.0,10.0,1.0,1.0,3.0,3.0,4.0,2.0,3.0
2.0,2.0,4.0,4.0,4.0,4.0,5.0,2.0,6.0,6.0,3.0,3.0,9.0,1.0,3.0,3.0,1.0,1.0,1.0,1.5
3.0,4.0,4.0,4.0,4.0,2.0,9.0,7.0,4.0,2.0,10.0,7.0,10.0,1.0,1.0,1.0,1.0,1.0,1.0,1.0
1.0,3.0,4.0,4.0,4.0,3.0,7.0,8.0,6.0,6.0,6.0,7.0,7.0,1.0,1.0,2.0,1.0,1.0,1.0,1.25
1.0,4.0,3.0,4.0,3.0,1.0,5.0,5.0,6.0,6.0,6.0,5.0,3.0,1.0,1.0,1.0,2.0,1.0,2.0,1.5
4.0,4.0,3.0,4.0,4.0,3.0,10.0,10.0,4.0,8.0,10.0,7.0,10.0,1.0,1.0,1.0,2.0,1.0,1.0,1.25
3.0,3.0,3.0,3.0,3.0,2.0,10.0,10.0,10.0,10.0,3.0,1.0,9.0,2.0,,2.0,2.0,2.0,2.0,2.0
1.0,4.0,4.0,4.0,4.0,1.0,5.0,5.0,6.0,6.0,6.0,5.0,4.0,1.0,1.0,1.0,1.0,1.0,1.0,1.0
3.0,3.0,2.0,2.0,2.0,2.0,5.0,5.0,6.0,6.0,8.0,2.0,3.0,1.0,1.0,2.0,3.0,3.0,3.0,2.75
2.0,3.0,3.0,4.0,4.0,3.0,7.0,6.0,5.0,5.0,7.0,7.0,8.0,1.0,1.0,2.0,2.0,1.0,1.0,1.5
3.0,3.0,3.0,4.0,3.0,2.0,8.0,7.0,6.0,6.0,8.0,8.0,3.0,1.0,1.0,2.0,2.0,1.0,2.0,1.75
2.0,2.0,3.0,3.0,3.0,2.0,4.0,6.0,4.0,5.0,6.0,6.0,5.0,1.0,2.0,3.0,2.0,2.0,2.0,2.25
2.0,4.0,4.0,3.0,2.0,1.0,10.0,9.0,1.0,9.0,9.0,2.0,10.0,1.0,1.0,1.0,1.0,2.0,3.0,1.75
3.0,2.0,3.0,4.0,4.0,2.0,8.0,9.0,6.0,6.0,7.0,8.0,10.0,,,3.0,2.0,1.0,1.0,1.75
1.0,3.0,3.0,3.0,3.0,2.0,5.0,5.0,6.0,6.0,6.0,5.0,5.0,3.0,3.0,2.0,2.0,2.0,2.0,2.0
2.0,2.0,3.0,4.0,2.0,2.0,7.0,8.0,3.0,7.0,7.0,1.0,9.0,2.0,2.0,3.0,2.0,1.0,3.0,2.25
2.0,3.0,3.0,3.0,3.0,2.0,5.0,5.0,6.0,6.0,6.0,5.0,5.0,3.0,2.0,2.0,2.0,2.0,2.0,2.0
3.0,2.0,3.0,3.0,3.0,,8.0,8.0,6.0,6.0,4.0,9.0,6.0,,,3.0,2.0,2.0,2.0,2.25
1.0,3.0,2.0,1.0,3.0,2.0,5.0,5.0,6.0,3.0,9.0,5.0,10.0,1.0,1.0,2.0,3.0,4.0,2.0,2.75
1.0,1.0,3.0,3.0,3.0,1.0,9.0,9.0,8.0,2.0,8.0,4.0,10.0,1.0,2.0,4.0,2.0,2.0,2.0,2.5
1.0,4.0,4.0,4.0,4.0,2.0,5.0,5.0,6.0,6.0,6.0,5.0,5.0,2.0,2.0,1.0,1.0,1.0,1.0,1.0
3.0,4.0,4.0,4.0,4.0,3.0,7.0,8.0,5.0,4.0,7.0,10.0,10.0,1.0,1.0,1.0,1.0,1.0,1.0,1.0
3.0,3.0,3.0,3.0,3.0,2.0,6.0,6.0,7.0,7.0,6.0,5.0,4.0,1.0,1.0,2.0,2.0,2.0,2.0,2.0
2.0,3.0,3.0,3.0,3.0,3.0,10.0,10.0,6.0,10.0,10.0,9.0,6.0,,,2.0,2.0,2.0,2.0,2.0
1.0,4.0,2.0,4.0,3.0,4.0,8.0,7.0,4.0,4.0,8.0,7.0,5.0,2.0,1.0,1.0,3.0,1.0,2.0,1.75
2.0,3.0,2.0,4.0,3.0,2.0,8.0,8.0,3.0,7.0,8.0,6.0,8.0,1.0,1.0,2.0,3.0,1.0,2.0,2.0
1.0,4.0,4.0,4.0,4.0,1.0,7.0,7.0,7.0,3.0,5.0,7.0,10.0,1.0,1.0,1.0,1.0,1.0,1.0,1.0
1.0,2.0,3.0,3.0,2.0,2.0,10.0,10.0,5.0,4.0,10.0,10.0,10.0,2.0,2.0,3.0,2.0,2.0,3.0,2.5
1.0,3.0,3.0,4.0,4.0,3.0,9.0,9.0,3.0,3.0,2.0,8.0,9.0,2.0,2.0,2.0,2.0,1.0,1.0,1.5
1.0,2.0,2.0,1.0,3.0,2.0,10.0,10.0,9.0,8.0,1.0,10.0,10.0,2.0,1.0,3.0,3.0,4.0,2.0,3.0
2.0,3.0,3.0,3.0,3.0,2.0,7.0,5.0,6.0,3.0,6.0,7.0,9.0,2.0,1.0,2.0,2.0,2.0,2.0,2.0
2.0,3.0,3.0,3.0,3.0,3.0,10.0,10.0,6.0,3.0,10.0,8.0,6.0,2.0,2.0,2.0,2.0,2.0,2.0,2.0
2.0,3.0,3.0,3.0,3.0,2.0,10.0,10.0,1.0,1.0,10.0,8.0,8.0,1.0,1.0,2.0,2.0,2.0,2.0,2.0
1.0,3.0,4.0,4.0,4.0,3.0,8.0,9.0,3.0,3.0,7.0,7.0,10.0,3.0,3.0,2.0,1.0,1.0,1.0,1.25
2.0,2.0,2.0,3.0,2.0,2.0,8.0,4.0,3.0,3.0,5.0,8.0,5.0,1.0,2.0,3.0,3.0,2.0,3.0,2.75
2.0,2.0,2.0,3.0,3.0,2.0,9.0,7.0,4.0,3.0,10.0,10.0,10.0,3.0,3.0,3.0,3.0,2.0,2.0,2.5
1.0,3.0,3.0,3.0,3.0,3.0,9.0,10.0,7.0,7.0,3.0,10.0,10.0,1.0,2.0,2.0,2.0,2.0,2.0,2.0
2.0,2.0,3.0,3.0,2.0,2.0,6.0,2.0,6.0,6.0,6.0,8.0,8.0,1.0,1.0,3.0,2.0,2.0,3.0,2.5
2.0,3.0,3.0,3.0,3.0,3.0,7.0,7.0,3.0,6.0,5.0,7.0,10.0,1.0,2.0,2.0,2.0,2.0,2.0,2.0
1.0,3.0,3.0,3.0,3.0,2.0,5.0,10.0,1.0,5.0,1.0,5.0,10.0,1.0,1.0,2.0,2.0,2.0,2.0,2.0
2.0,2.0,2.0,3.0,2.0,2.0,3.0,8.0,8.0,6.0,6.0,8.0,7.0,1.0,1.0,3.0,3.0,2.0,3.0,2.75
3.0,2.0,2.0,4.0,2.0,3.0,9.0,9.0,3.0,4.0,10.0,8.0,2.0,1.0,1.0,3.0,3.0,1.0,3.0,2.5
2.0,3.0,3.0,3.0,3.0,2.0,5.0,5.0,6.0,6.0,8.0,5.0,5.0,1.0,1.0,2.0,2.0,2.0,2.0,2.0
2.0,3.0,3.0,4.0,3.0,2.0,9.0,7.0,3.0,8.0,8.0,6.0,2.0,1.0,3.0,2.0,2.0,1.0,2.0,1.75
2.0,3.0,3.0,3.0,3.0,3.0,8.0,5.0,6.0,9.0,9.0,8.0,3.0,1.0,2.0,2.0,2.0,2.0,2.0,2.0
3.0,3.0,3.0,2.0,3.0,1.0,8.0,6.0,5.0,6.0,8.0,5.0,7.0,1.0,1.0,2.0,2.0,3.0,2.0,2.25
2.0,2.0,3.0,3.0,3.0,2.0,7.0,7.0,6.0,6.0,4.0,3.0,10.0,1.0,,3.0,2.0,2.0,2.0,2.25
2.0,1.0,3.0,4.0,4.0,1.0,7.0,8.0,4.0,4.0,8.0,2.0,8.0,1.0,1.0,4.0,2.0,1.0,1.0,2.0
1.0,4.0,3.0,4.0,,2.0,10.0,10.0,7.0,7.0,10.0,1.0,7.0,2.0,1.0,1.0,2.0,1.0,,
2.0,2.0,3.0,3.0,3.0,2.0,10.0,10.0,9.0,9.0,1.0,6.0,5.0,2.0,3.0,3.0,2.0,2.0,2.0,2.25
3.0,3.0,3.0,3.0,3.0,2.0,8.0,8.0,4.0,6.0,6.0,8.0,8.0,1.0,1.0,2.0,2.0,2.0,2.0,2.0
2.0,3.0,3.0,3.0,3.0,2.0,8.0,7.0,5.0,6.0,4.0,5.0,10.0,2.0,2.0,2.0,2.0,2.0,2.0,2.0
1.0,3.0,3.0,3.0,3.0,3.0,9.0,9.0,7.0,6.0,4.0,8.0,10.0,1.0,2.0,2.0,2.0,2.0,2.0,2.0
3.0,3.0,3.0,4.0,2.0,2.0,7.0,10.0,4.0,1.0,8.0,4.0,10.0,1.0,1.0,2.0,2.0,1.0,3.0,2.0
2.0,3.0,4.0,4.0,4.0,2.0,8.0,6.0,1.0,7.0,7.0,7.0,4.0,1.0,1.0,2.0,1.0,1.0,1.0,1.25
3.0,3.0,3.0,3.0,3.0,2.0,8.0,8.0,4.0,5.0,10.0,9.0,2.0,3.0,3.0,2.0,2.0,2.0,2.0,2.0
4.0,3.0,3.0,4.0,4.0,2.0,8.0,5.0,8.0,10.0,10.0,2.0,1.0,1.0,1.0,2.0,2.0,1.0,1.0,1.5
2.0,2.0,1.0,3.0,3.0,3.0,10.0,10.0,4.0,4.0,10.0,10.0,10.0,1.0,2.0,3.0,4.0,2.0,2.0,2.75
1.0,4.0,3.0,3.0,3.0,3.0,10.0,10.0,10.0,6.0,10.0,7.0,10.0,1.0,1.0,1.0,2.0,2.0,2.0,1.75
2.0,1.0,1.0,3.0,1.0,2.0,6.0,9.0,6.0,3.0,9.0,5.0,10.0,1.0,1.0,4.0,4.0,2.0,4.0,3.5
1.0,3.0,2.0,3.0,3.0,2.0,10.0,8.0,2.0,3.0,10.0,9.0,10.0,3.0,3.0,2.0,3.0,2.0,2.0,2.25
1.0,3.0,3.0,3.0,3.0,2.0,5.0,6.0,8.0,6.0,7.0,4.0,8.0,2.0,2.0,2.0,2.0,2.0,2.0,2.0
2.0,3.0,3.0,3.0,3.0,3.0,5.0,5.0,6.0,6.0,6.0,5.0,5.0,,,2.0,2.0,2.0,2.0,2.0
2.0,1.0,3.0,4.0,4.0,3.0,9.0,9.0,4.0,5.0,10.0,8.0,10.0,2.0,2.0,4.0,2.0,1.0,1.0,2.0
2.0,3.0,2.0,1.0,2.0,1.0,2.0,4.0,6.0,6.0,3.0,6.0,5.0,2.0,1.0,2.0,3.0,4.0,3.0,3.0
3.0,2.0,2.0,3.0,3.0,2.0,10.0,10.0,1.0,6.0,10.0,8.0,8.0,1.0,,3.0,3.0,2.0,2.0,2.5
2.0,3.0,3.0,3.0,3.0,2.0,10.0,10.0,10.0,1.0,10.0,10.0,7.0,1.0,1.0,2.0,2.0,2.0,2.0,2.0
2.0,3.0,2.0,3.0,3.0,2.0,10.0,10.0,10.0,6.0,10.0,8.0,8.0,,,2.0,3.0,2.0,2.0,2.25
2.0,3.0,3.0,3.0,3.0,2.0,10.0,10.0,1.0,1.0,6.0,5.0,10.0,1.0,1.0,2.0,2.0,2.0,2.0,2.0
1.0,2.0,3.0,4.0,4.0,4.0,8.0,6.0,3.0,4.0,7.0,5.0,6.0,1.0,1.0,3.0,2.0,1.0,1.0,1.75
1.0,3.0,4.0,4.0,4.0,1.0,9.0,8.0,8.0,8.0,9.0,8.0,7.0,3.0,1.0,2.0,1.0,1.0,1.0,1.25
3.0,2.0,2.0,2.0,2.0,3.0,10.0,10.0,1.0,6.0,6.0,10.0,10.0,1.0,1.0,3.0,3.0,3.0,3.0,3.0
3.0,2.0,2.0,3.0,3.0,2.0,8.0,8.0,5.0,5.0,10.0,7.0,1.0,1.0,2.0,3.0,3.0,2.0,2.0,2.5
1.0,4.0,4.0,4.0,4.0,2.0,8.0,10.0,7.0,4.0,9.0,7.0,5.0,1.0,1.0,1.0,1.0,1.0,1.0,1.0
1.0,3.0,3.0,4.0,3.0,2.0,3.0,2.0,9.0,10.0,9.0,2.0,3.0,1.0,2.0,2.0,2.0,1.0,2.0,1.75
1.0,2.0,2.0,3.0,2.0,2.0,10.0,9.0,3.0,9.0,9.0,8.0,5.0,2.0,2.0,3.0,3.0,2.0,3.0,2.75
3.0,3.0,3.0,2.0,2.0,2.0,1.0,9.0,6.0,5.0,6.0,8.0,6.0,1.0,1.0,2.0,2.0,3.0,3.0,2.5
2.0,3.0,3.0,4.0,4.0,1.0,10.0,10.0,6.0,7.0,3.0,2.0,8.0,2.0,2.0,2.0,2.0,1.0,1.0,1.5
1.0,3.0,3.0,3.0,3.0,3.0,8.0,8.0,4.0,5.0,9.0,7.0,7.0,1.0,1.0,2.0,2.0,2.0,2.0,2.0
2.0,2.0,3.0,3.0,3.0,3.0,10.0,10.0,6.0,6.0,9.0,9.0,10.0,1.0,3.0,3.0,2.0,2.0,2.0,2.25
1.0,2.0,4.0,4.0,4.0,3.0,10.0,10.0,10.0,10.0,6.0,10.0,10.0,2.0,3.0,3.0,1.0,1.0,1.0,1.5
2.0,2.0,3.0,3.0,3.0,2.0,8.0,10.0,8.0,4.0,9.0,10.0,7.0,,,3.0,2.0,2.0,2.0,2.25
1.0,4.0,3.0,3.0,3.0,3.0,9.0,9.0,9.0,8.0,8.0,9.0,7.0,1.0,1.0,1.0,2.0,2.0,2.0,1.75
2.0,4.0,4.0,4.0,4.0,3.0,8.0,6.0,9.0,8.0,8.0,3.0,7.0,2.0,3.0,1.0,1.0,1.0,1.0,1.0
2.0,3.0,3.0,3.0,2.0,2.0,8.0,7.0,3.0,7.0,8.0,7.0,4.0,1.0,1.0,2.0,2.0,2.0,3.0,2.25
1.0,3.0,3.0,3.0,3.0,1.0,9.0,10.0,5.0,2.0,4.0,10.0,8.0,3.0,3.0,2.0,2.0,2.0,2.0,2.0
2.0,3.0,3.0,3.0,3.0,1.0,10.0,10.0,2.0,9.0,2.0,5.0,10.0,1.0,1.0,2.0,2.0,2.0,2.0,2.0
1.0,2.0,3.0,4.0,4.0,2.0,10.0,10.0,6.0,6.0,6.0,4.0,5.0,1.0,1.0,3.0,2.0,1.0,1.0,1.75
3.0,3.0,3.0,3.0,3.0,3.0,5.0,7.0,7.0,5.0,7.0,8.0,6.0,1.0,1.0,2.0,2.0,2.0,2.0,2.0
2.0,3.0,1.0,4.0,4.0,1.0,4.0,3.0,8.0,6.0,8.0,3.0,3.0,1.0,1.0,2.0,4.0,1.0,1.0,2.0
1.0,2.0,3.0,4.0,3.0,2.0,8.0,9.0,4.0,4.0,8.0,8.0,10.0,1.0,1.0,3.0,2.0,1.0,2.0,2.0
1.0,3.0,3.0,4.0,3.0,2.0,10.0,10.0,8.0,8.0,8.0,7.0,1.0,1.0,1.0,2.0,2.0,1.0,2.0,1.75
2.0,2.0,3.0,3.0,3.0,2.0,5.0,5.0,6.0,6.0,8.0,5.0,8.0,1.0,1.0,3.0,2.0,2.0,2.0,2.25
1.0,2.0,4.0,4.0,4.0,1.0,10.0,10.0,5.0,9.0,9.0,5.0,8.0,1.0,1.0,3.0,1.0,1.0,1.0,1.5
2.0,2.0,3.0,3.0,3.0,1.0,7.0,7.0,4.0,6.0,2.0,7.0,8.0,1.0,1.0,3.0,2.0,2.0,2.0,2.25
1.0,3.0,3.0,3.0,3.0,2.0,6.0,8.0,5.0,5.0,10.0,7.0,10.0,1.0,1.0,2.0,2.0,2.0,2.0,2.0
1.0,1.0,3.0,4.0,4.0,3.0,6.0,9.0,1.0,1.0,1.0,7.0,10.0,2.0,2.0,4.0,2.0,1.0,1.0,2.0
3.0,2.0,2.0,3.0,3.0,2.0,8.0,8.0,9.0,9.0,3.0,8.0,8.0,1.0,1.0,3.0,3.0,2.0,2.0,2.5
1.0,2.0,4.0,4.0,4.0,3.0,7.0,6.0,4.0,3.0,4.0,5.0,9.0,2.0,3.0,3.0,1.0,1.0,1.0,1.5
1.0,3.0,3.0,3.0,3.0,2.0,8.0,8.0,8.0,8.0,8.0,6.0,10.0,1.0,1.0,2.0,2.0,2.0,2.0,2.0
1.0,3.0,2.0,2.0,3.0,2.0,7.0,10.0,1.0,6.0,3.0,8.0,3.0,1.0,1.0,2.0,3.0,3.0,2.0,2.5
1.0,4.0,4.0,4.0,4.0,2.0,10.0,10.0,10.0,10.0,10.0,10.0,8.0,1.0,1.0,1.0,1.0,1.0,1.0,1.0
2.0,1.0,4.0,3.0,2.0,2.0,6.0,10.0,1.0,1.0,6.0,5.0,5.0,1.0,1.0,4.0,1.0,2.0,3.0,2.5
2.0,3.0,,3.0,3.0,,9.0,7.0,8.0,9.0,7.0,5.0,5.0,3.0,3.0,2.0,,2.0,2.0,
2.0,3.0,2.0,2.0,3.0,2.0,8.0,8.0,3.0,3.0,8.0,4.0,10.0,1.0,1.0,2.0,3.0,3.0,2.0,2.5
1.0,4.0,3.0,4.0,4.0,1.0,7.0,8.0,7.0,9.0,9.0,4.0,10.0,3.0,2.0,1.0,2.0,1.0,1.0,1.25
1.0,4.0,2.0,4.0,3.0,2.0,8.0,9.0,4.0,3.0,8.0,8.0,9.0,3.0,1.0,1.0,3.0,1.0,2.0,1.75
2.0,4.0,4.0,4.0,4.0,2.0,7.0,7.0,10.0,6.0,10.0,5.0,1.0,1.0,1.0,1.0,1.0,1.0,1.0,1.0
2.0,2.0,2.0,3.0,3.0,2.0,9.0,9.0,2.0,3.0,8.0,8.0,10.0,1.0,2.0,3.0,3.0,2.0,2.0,2.5
2.0,3.0,3.0,4.0,4.0,3.0,8.0,7.0,7.0,7.0,9.0,6.0,8.0,3.0,3.0,2.0,2.0,1.0,1.0,1.5
1.0,3.0,3.0,3.0,3.0,1.0,7.0,7.0,6.0,4.0,9.0,9.0,8.0,1.0,2.0,2.0,2.0,2.0,2.0,2.0
1.0,2.0,3.0,3.0,3.0,2.0,10.0,10.0,10.0,1.0,10.0,10.0,1.0,1.0,1.0,3.0,2.0,2.0,2.0,2.25
2.0,3.0,3.0,3.0,3.0,1.0,8.0,8.0,3.0,3.0,8.0,7.0,7.0,1.0,1.0,2.0,2.0,2.0,2.0,2.0
2.0,3.0,2.0,3.0,3.0,1.0,9.0,9.0,3.0,7.0,8.0,4.0,8.0,1.0,1.0,2.0,3.0,2.0,2.0,2.25
2.0,3.0,1.0,4.0,3.0,2.0,7.0,8.0,8.0,8.0,2.0,6.0,9.0,1.0,1.0,2.0,4.0,1.0,2.0,2.25
2.0,2.0,4.0,3.0,3.0,2.0,6.0,5.0,5.0,6.0,7.0,4.0,1.0,1.0,1.0,3.0,1.0,2.0,2.0,2.0
1.0,3.0,2.0,4.0,3.0,2.0,7.0,7.0,8.0,6.0,9.0,5.0,8.0,1.0,1.0,2.0,3.0,1.0,2.0,2.0
2.0,3.0,3.0,3.0,3.0,2.0,6.0,6.0,4.0,6.0,6.0,6.0,8.0,1.0,1.0,2.0,2.0,2.0,2.0,2.0
2.0,3.0,4.0,4.0,4.0,3.0,7.0,8.0,4.0,5.0,9.0,7.0,8.0,1.0,3.0,2.0,1.0,1.0,1.0,1.25
3.0,4.0,4.0,4.0,4.0,4.0,10.0,10.0,10.0,10.0,10.0,7.0,1.0,2.0,3.0,1.0,1.0,1.0,1.0,1.0
1.0,2.0,3.0,3.0,3.0,2.0,5.0,5.0,6.0,4.0,7.0,5.0,10.0,2.0,2.0,3.0,2.0,2.0,2.0,2.25
2.0,3.0,3.0,4.0,3.0,3.0,4.0,6.0,5.0,5.0,7.0,6.0,8.0,3.0,1.0,2.0,2.0,1.0,2.0,1.75
2.0,2.0,1.0,3.0,3.0,2.0,7.0,7.0,7.0,6.0,6.0,5.0,5.0,2.0,1.0,3.0,4.0,2.0,2.0,2.75
2.0,3.0,3.0,3.0,3.0,2.0,8.0,9.0,3.0,3.0,3.0,8.0,8.0,1.0,1.0,2.0,2.0,2.0,2.0,2.0
2.0,3.0,3.0,3.0,3.0,2.0,8.0,8.0,3.0,3.0,3.0,9.0,5.0,1.0,1.0,2.0,2.0,2.0,2.0,2.0
2.0,3.0,3.0,3.0,3.0,2.0,7.0,7.0,,,8.0,8.0,,,,2.0,2.0,2.0,2.0,2.0
2.0,3.0,1.0,3.0,1.0,3.0,9.0,9.0,2.0,2.0,8.0,7.0,5.0,1.0,1.0,2.0,4.0,2.0,4.0,3.0
,3.0,2.0,2.0,2.0,3.0,8.0,8.0,6.0,6.0,8.0,6.0,6.0,1.0,1.0,2.0,3.0,3.0,3.0,2.75
1.0,1.0,2.0,3.0,3.0,3.0,6.0,9.0,6.0,10.0,3.0,9.0,10.0,2.0,3.0,4.0,3.0,2.0,2.0,2.75
2.0,2.0,3.0,3.0,3.0,2.0,4.0,7.0,4.0,4.0,8.0,8.0,6.0,1.0,1.0,3.0,2.0,2.0,2.0,2.25
2.0,4.0,2.0,4.0,3.0,3.0,6.0,7.0,5.0,6.0,9.0,8.0,9.0,3.0,3.0,1.0,3.0,1.0,2.0,1.75
2.0,3.0,3.0,3.0,2.0,2.0,10.0,8.0,5.0,9.0,3.0,6.0,9.0,2.0,1.0,2.0,2.0,2.0,3.0,2.25
1.0,2.0,3.0,3.0,2.0,2.0,2.0,2.0,1.0,1.0,3.0,2.0,10.0,1.0,1.0,3.0,2.0,2.0,3.0,2.5
3.0,3.0,3.0,3.0,3.0,3.0,8.0,7.0,8.0,6.0,4.0,8.0,3.0,2.0,,2.0,2.0,2.0,2.0,2.0
2.0,3.0,3.0,3.0,3.0,2.0,8.0,8.0,6.0,6.0,10.0,6.0,7.0,2.0,2.0,2.0,2.0,2.0,2.0,2.0
2.0,3.0,3.0,3.0,3.0,3.0,7.0,7.0,8.0,8.0,8.0,6.0,5.0,2.0,3.0,2.0,2.0,2.0,2.0,2.0
2.0,3.0,3.0,3.0,3.0,3.0,9.0,9.0,9.0,9.0,8.0,7.0,10.0,1.0,1.0,2.0,2.0,2.0,2.0,2.0
3.0,3.0,3.0,3.0,3.0,3.0,10.0,10.0,6.0,6.0,7.0,7.0,8.0,2.0,2.0,2.0,2.0,2.0,2.0,2.0
2.0,3.0,3.0,2.0,2.0,2.0,8.0,8.0,7.0,4.0,7.0,6.0,10.0,2.0,2.0,2.0,2.0,3.0,3.0,2.5
2.0,2.0,3.0,3.0,3.0,2.0,8.0,9.0,8.0,5.0,8.0,9.0,7.0,2.0,2.0,3.0,2.0,2.0,2.0,2.25
1.0,2.0,3.0,3.0,3.0,3.0,9.0,9.0,9.0,9.0,8.0,5.0,10.0,1.0,1.0,3.0,2.0,2.0,2.0,2.25
2.0,3.0,4.0,4.0,4.0,2.0,9.0,9.0,2.0,10.0,10.0,8.0,1.0,2.0,3.0,2.0,1.0,1.0,1.0,1.25
2.0,3.0,2.0,3.0,3.0,3.0,6.0,6.0,5.0,6.0,4.0,7.0,10.0,1.0,1.0,2.0,3.0,2.0,2.0,2.25
4.0,3.0,2.0,3.0,3.0,3.0,10.0,8.0,1.0,3.0,1.0,7.0,5.0,1.0,2.0,2.0,3.0,2.0,2.0,2.25
2.0,3.0,3.0,4.0,4.0,2.0,8.0,7.0,2.0,3.0,7.0,7.0,10.0,1.0,1.0,2.0,2.0,1.0,1.0,1.5
2.0,3.0,3.0,3.0,3.0,2.0,9.0,8.0,4.0,10.0,10.0,9.0,8.0,1.0,1.0,2.0,2.0,2.0,2.0,2.0
1.0,4.0,1.0,3.0,3.0,2.0,9.0,10.0,2.0,3.0,9.0,1.0,10.0,1.0,1.0,1.0,4.0,2.0,2.0,2.25
1.0,3.0,2.0,4.0,3.0,2.0,8.0,9.0,6.0,6.0,10.0,8.0,5.0,1.0,1.0,2.0,3.0,1.0,2.0,2.0
2.0,3.0,2.0,2.0,2.0,2.0,10.0,10.0,10.0,6.0,10.0,8.0,8.0,1.0,1.0,2.0,3.0,3.0,3.0,2.75
2.0,3.0,3.0,4.0,4.0,2.0,9.0,10.0,9.0,10.0,10.0,8.0,10.0,1.0,1.0,2.0,2.0,1.0,1.0,1.5
3.0,4.0,4.0,4.0,4.0,2.0,8.0,8.0,8.0,9.0,8.0,4.0,1.0,3.0,2.0,1.0,1.0,1.0,1.0,1.0
1.0,2.0,3.0,3.0,3.0,2.0,5.0,5.0,5.0,5.0,5.0,4.0,10.0,,,3.0,2.0,2.0,2.0,2.25
1.0,2.0,4.0,4.0,4.0,4.0,7.0,6.0,1.0,1.0,10.0,9.0,10.0,2.0,2.0,3.0,1.0,1.0,1.0,1.5
1.0,2.0,3.0,3.0,4.0,2.0,10.0,10.0,4.0,4.0,10.0,8.0,8.0,3.0,1.0,3.0,2.0,2.0,1.0,2.0
1.0,2.0,2.0,3.0,3.0,2.0,10.0,10.0,6.0,10.0,1.0,10.0,10.0,1.0,1.0,3.0,3.0,2.0,2.0,2.5
3.0,3.0,3.0,4.0,4.0,3.0,5.0,5.0,6.0,6.0,6.0,5.0,10.0,1.0,2.0,2.0,2.0,1.0,1.0,1.5
1.0,3.0,3.0,3.0,3.0,3.0,10.0,10.0,4.0,6.0,8.0,10.0,10.0,1.0,1.0,2.0,2.0,2.0,2.0,2.0
2.0,3.0,4.0,4.0,4.0,2.0,7.0,9.0,10.0,10.0,10.0,8.0,7.0,1.0,1.0,2.0,1.0,1.0,1.0,1.25
1.0,3.0,3.0,3.0,3.0,3.0,7.0,7.0,5.0,5.0,7.0,7.0,5.0,2.0,2.0,2.0,2.0,2.0,2.0,2.0
2.0,2.0,2.0,3.0,3.0,2.0,10.0,10.0,1.0,6.0,9.0,9.0,10.0,1.0,1.0,3.0,3.0,2.0,2.0,2.5
2.0,3.0,3.0,3.0,3.0,4.0,5.0,5.0,6.0,6.0,6.0,5.0,10.0,1.0,2.0,2.0,2.0,2.0,2.0,2.0
3.0,3.0,3.0,3.0,3.0,2.0,7.0,7.0,4.0,4.0,8.0,7.0,7.0,1.0,1.0,2.0,2.0,2.0,2.0,2.0
1.0,3.0,3.0,3.0,3.0,1.0,8.0,10.0,6.0,3.0,9.0,8.0,10.0,,,2.0,2.0,2.0,2.0,2.0
2.0,3.0,2.0,3.0,3.0,2.0,10.0,10.0,1.0,1.0,10.0,10.0,5.0,1.0,1.0,2.0,3.0,2.0,2.0,2.25
2.0,3.0,3.0,3.0,3.0,2.0,8.0,8.0,3.0,1.0,10.0,3.0,10.0,1.0,1.0,2.0,2.0,2.0,2.0,2.0
2.0,3.0,3.0,2.0,2.0,2.0,3.0,6.0,10.0,6.0,10.0,9.0,6.0,1.0,1.0,2.0,2.0,3.0,3.0,2.5
1.0,3.0,2.0,3.0,3.0,1.0,10.0,10.0,10.0,6.0,10.0,10.0,10.0,1.0,1.0,2.0,3.0,2.0,2.0,2.25
3.0,3.0,3.0,3.0,3.0,2.0,6.0,8.0,5.0,7.0,6.0,9.0,8.0,1.0,1.0,2.0,2.0,2.0,2.0,2.0
1.0,2.0,2.0,3.0,3.0,2.0,5.0,5.0,9.0,6.0,9.0,5.0,2.0,1.0,1.0,3.0,3.0,2.0,2.0,2.5
3.0,3.0,2.0,4.0,3.0,2.0,7.0,6.0,8.0,9.0,1.0,6.0,3.0,1.0,1.0,2.0,3.0,1.0,2.0,2.0
2.0,3.0,2.0,2.0,2.0,2.0,10.0,10.0,1.0,1.0,10.0,10.0,1.0,1.0,1.0,2.0,3.0,3.0,3.0,2.75
3.0,3.0,2.0,2.0,3.0,2.0,10.0,10.0,10.0,10.0,10.0,1.0,10.0,,,2.0,3.0,3.0,2.0,2.5
2.0,2.0,1.0,2.0,2.0,3.0,9.0,9.0,3.0,5.0,9.0,8.0,1.0,3.0,3.0,3.0,4.0,3.0,3.0,3.25
3.0,3.0,2.0,3.0,3.0,2.0,10.0,10.0,9.0,10.0,1.0,4.0,10.0,1.0,1.0,2.0,3.0,2.0,2.0,2.25
2.0,3.0,2.0,3.0,2.0,2.0,10.0,10.0,10.0,1.0,6.0,7.0,10.0,,,2.0,3.0,2.0,3.0,2.5
2.0,2.0,3.0,3.0,2.0,2.0,7.0,6.0,8.0,10.0,3.0,8.0,8.0,1.0,1.0,3.0,2.0,2.0,3.0,2.5
3.0,3.0,3.0,3.0,3.0,2.0,10.0,10.0,8.0,8.0,10.0,4.0,10.0,1.0,1.0,2.0,2.0,2.0,2.0,2.0
4.0,3.0,4.0,4.0,4.0,2.0,7.0,7.0,6.0,7.0,8.0,8.0,10.0,1.0,1.0,2.0,1.0,1.0,1.0,1.25
2.0,2.0,2.0,1.0,1.0,1.0,5.0,5.0,1.0,1.0,10.0,8.0,10.0,1.0,1.0,3.0,3.0,4.0,4.0,3.5
2.0,2.0,3.0,3.0,3.0,2.0,7.0,5.0,6.0,6.0,5.0,7.0,10.0,1.0,,3.0,2.0,2.0,2.0,2.25
2.0,2.0,3.0,3.0,3.0,3.0,10.0,10.0,5.0,6.0,10.0,2.0,5.0,,,3.0,2.0,2.0,2.0,2.25
2.0,3.0,3.0,4.0,3.0,2.0,7.0,8.0,3.0,8.0,9.0,9.0,8.0,3.0,3.0,2.0,2.0,1.0,2.0,1.75
2.0,2.0,2.0,3.0,3.0,3.0,9.0,10.0,2.0,9.0,10.0,8.0,1.0,1.0,2.0,3.0,3.0,2.0,2.0,2.5
2.0,3.0,3.0,4.0,4.0,3.0,9.0,9.0,9.0,9.0,9.0,7.0,3.0,2.0,2.0,2.0,2.0,1.0,1.0,1.5
2.0,3.0,3.0,3.0,2.0,2.0,5.0,8.0,2.0,7.0,9.0,3.0,1.0,1.0,1.0,2.0,2.0,2.0,3.0,2.25
1.0,2.0,1.0,1.0,2.0,3.0,10.0,10.0,1.0,1.0,10.0,9.0,6.0,1.0,1.0,3.0,4.0,4.0,3.0,3.5
2.0,2.0,3.0,4.0,4.0,4.0,10.0,10.0,5.0,10.0,10.0,10.0,6.0,1.0,2.0,3.0,2.0,1.0,1.0,1.75
2.0,3.0,3.0,3.0,3.0,2.0,10.0,10.0,1.0,10.0,10.0,8.0,6.0,1.0,,2.0,2.0,2.0,2.0,2.0
3.0,3.0,3.0,4.0,3.0,2.0,6.0,7.0,6.0,6.0,8.0,6.0,7.0,1.0,2.0,2.0,2.0,1.0,2.0,1.75
2.0,3.0,3.0,3.0,3.0,3.0,5.0,5.0,6.0,6.0,10.0,3.0,1.0,1.0,,2.0,2.0,2.0,2.0,2.0
2.0,4.0,3.0,4.0,3.0,2.0,9.0,10.0,4.0,1.0,10.0,7.0,7.0,2.0,3.0,1.0,2.0,1.0,2.0,1.5
2.0,3.0,3.0,4.0,3.0,3.0,8.0,10.0,8.0,7.0,5.0,9.0,1.0,1.0,1.0,2.0,2.0,1.0,2.0,1.75
2.0,3.0,3.0,3.0,3.0,2.0,10.0,10.0,1.0,10.0,10.0,8.0,1.0,1.0,,2.0,2.0,2.0,2.0,2.0
2.0,3.0,3.0,4.0,3.0,2.0,10.0,10.0,2.0,2.0,6.0,7.0,7.0,1.0,1.0,2.0,2.0,1.0,2.0,1.75
3.0,2.0,3.0,3.0,3.0,2.0,5.0,10.0,10.0,6.0,5.0,7.0,5.0,1.0,1.0,3.0,2.0,2.0,2.0,2.25
2.0,3.0,3.0,3.0,4.0,3.0,10.0,5.0,5.0,5.0,4.0,10.0,10.0,1.0,,2.0,2.0,2.0,1.0,1.75
1.0,2.0,2.0,1.0,2.0,1.0,8.0,8.0,9.0,9.0,9.0,6.0,10.0,1.0,1.0,3.0,3.0,4.0,3.0,3.25
2.0,3.0,2.0,3.0,3.0,3.0,8.0,5.0,3.0,5.0,9.0,8.0,10.0,1.0,2.0,2.0,3.0,2.0,2.0,2.25
3.0,4.0,4.0,4.0,4.0,2.0,10.0,10.0,10.0,10.0,10.0,5.0,1.0,3.0,2.0,1.0,1.0,1.0,1.0,1.0
1.0,3.0,3.0,4.0,4.0,3.0,8.0,7.0,4.0,7.0,9.0,6.0,6.0,3.0,3.0,2.0,2.0,1.0,1.0,1.5
3.0,3.0,1.0,3.0,1.0,2.0,8.0,8.0,1.0,6.0,8.0,7.0,10.0,1.0,2.0,2.0,4.0,2.0,4.0,3.0
2.0,3.0,2.0,3.0,2.0,2.0,10.0,10.0,6.0,6.0,10.0,5.0,1.0,3.0,3.0,2.0,3.0,2.0,3.0,2.5
1.0,1.0,2.0,3.0,3.0,2.0,4.0,3.0,4.0,6.0,10.0,4.0,10.0,2.0,3.0,4.0,3.0,2.0,2.0,2.75
2.0,2.0,2.0,2.0,3.0,3.0,6.0,4.0,3.0,3.0,10.0,8.0,1.0,1.0,1.0,3.0,3.0,3.0,2.0,2.75
1.0,2.0,3.0,3.0,3.0,3.0,10.0,10.0,8.0,3.0,10.0,9.0,10.0,1.0,2.0,3.0,2.0,2.0,2.0,2.25
3.0,2.0,3.0,3.0,3.0,3.0,10.0,10.0,8.0,5.0,1.0,5.0,6.0,1.0,1.0,3.0,2.0,2.0,2.0,2.25
2.0,2.0,3.0,2.0,2.0,2.0,8.0,8.0,3.0,3.0,10.0,8.0,10.0,1.0,1.0,3.0,2.0,3.0,3.0,2.75
1.0,1.0,3.0,3.0,3.0,2.0,10.0,10.0,10.0,10.0,10.0,10.0,6.0,2.0,3.0,4.0,2.0,2.0,2.0,2.5
1.0,3.0,3.0,4.0,4.0,2.0,8.0,8.0,4.0,4.0,4.0,7.0,10.0,1.0,1.0,2.0,2.0,1.0,1.0,1.5
2.0,3.0,3.0,3.0,3.0,3.0,8.0,8.0,2.0,3.0,10.0,10.0,10.0,1.0,1.0,2.0,2.0,2.0,2.0,2.0
1.0,4.0,3.0,3.0,3.0,3.0,8.0,8.0,6.0,6.0,6.0,8.0,9.0,1.0,2.0,1.0,2.0,2.0,2.0,1.75
2.0,4.0,4.0,4.0,4.0,2.0,9.0,9.0,8.0,8.0,9.0,7.0,4.0,3.0,3.0,1.0,1.0,1.0,1.0,1.0
2.0,3.0,2.0,3.0,3.0,2.0,5.0,7.0,4.0,4.0,10.0,7.0,10.0,1.0,1.0,2.0,3.0,2.0,2.0,2.25
1.0,3.0,3.0,2.0,2.0,1.0,10.0,10.0,10.0,10.0,10.0,3.0,5.0,,,2.0,2.0,3.0,3.0,2.5
2.0,1.0,3.0,4.0,3.0,3.0,9.0,9.0,8.0,8.0,7.0,4.0,5.0,1.0,1.0,4.0,2.0,1.0,2.0,2.25
2.0,2.0,3.0,3.0,3.0,2.0,9.0,9.0,2.0,4.0,10.0,9.0,4.0,1.0,1.0,3.0,2.0,2.0,2.0,2.25
3.0,2.0,3.0,3.0,3.0,2.0,8.0,8.0,3.0,9.0,10.0,8.0,2.0,1.0,1.0,3.0,2.0,2.0,2.0,2.25
2.0,3.0,2.0,3.0,2.0,2.0,5.0,5.0,6.0,6.0,1.0,5.0,10.0,1.0,1.0,2.0,3.0,2.0,3.0,2.5
2.0,2.0,2.0,3.0,3.0,2.0,8.0,8.0,4.0,5.0,4.0,8.0,8.0,1.0,1.0,3.0,3.0,2.0,2.0,2.5
1.0,1.0,3.0,3.0,3.0,2.0,10.0,5.0,3.0,10.0,5.0,8.0,10.0,1.0,1.0,4.0,2.0,2.0,2.0,2.5
2.0,3.0,3.0,4.0,4.0,2.0,9.0,8.0,6.0,9.0,9.0,7.0,10.0,2.0,2.0,2.0,2.0,1.0,1.0,1.5
2.0,3.0,3.0,3.0,3.0,3.0,10.0,10.0,8.0,6.0,10.0,10.0,5.0,1.0,1.0,2.0,2.0,2.0,2.0,2.0
3.0,3.0,3.0,3.0,3.0,3.0,7.0,6.0,4.0,6.0,8.0,7.0,4.0,1.0,1.0,2.0,2.0,2.0,2.0,2.0
4.0,3.0,3.0,3.0,3.0,4.0,5.0,5.0,6.0,6.0,6.0,5.0,5.0,,,2.0,2.0,2.0,2.0,2.0
1.0,4.0,3.0,2.0,3.0,2.0,9.0,10.0,7.0,9.0,9.0,8.0,9.0,2.0,2.0,1.0,2.0,3.0,2.0,2.0
2.0,3.0,3.0,3.0,3.0,3.0,8.0,8.0,6.0,6.0,4.0,7.0,5.0,1.0,,2.0,2.0,2.0,2.0,2.0
2.0,3.0,3.0,3.0,3.0,2.0,8.0,9.0,6.0,5.0,9.0,6.0,5.0,1.0,1.0,2.0,2.0,2.0,2.0,2.0
1.0,2.0,1.0,1.0,4.0,4.0,10.0,5.0,3.0,3.0,10.0,10.0,5.0,3.0,3.0,3.0,4.0,4.0,1.0,3.0
2.0,3.0,3.0,4.0,3.0,2.0,8.0,8.0,9.0,9.0,3.0,6.0,1.0,1.0,2.0,2.0,2.0,1.0,2.0,1.75
2.0,3.0,2.0,2.0,2.0,3.0,5.0,5.0,6.0,6.0,6.0,5.0,5.0,1.0,1.0,2.0,3.0,3.0,3.0,2.75
2.0,3.0,3.0,4.0,4.0,4.0,3.0,4.0,6.0,7.0,5.0,3.0,8.0,1.0,1.0,2.0,2.0,1.0,1.0,1.5
2.0,3.0,3.0,3.0,2.0,2.0,6.0,7.0,6.0,7.0,8.0,5.0,5.0,1.0,2.0,2.0,2.0,2.0,3.0,2.25
1.0,4.0,4.0,4.0,4.0,3.0,6.0,6.0,5.0,5.0,10.0,5.0,10.0,2.0,2.0,1.0,1.0,1.0,1.0,1.0
2.0,3.0,4.0,4.0,3.0,2.0,10.0,3.0,1.0,4.0,10.0,10.0,8.0,2.0,1.0,2.0,1.0,1.0,2.0,1.5
2.0,3.0,3.0,3.0,3.0,3.0,5.0,5.0,6.0,6.0,6.0,5.0,10.0,1.0,1.0,2.0,2.0,2.0,2.0,2.0
3.0,4.0,2.0,4.0,2.0,3.0,7.0,5.0,6.0,6.0,6.0,5.0,9.0,2.0,1.0,1.0,3.0,1.0,3.0,2.0
1.0,1.0,,1.0,1.0,1.0,10.0,10.0,1.0,2.0,3.0,8.0,6.0,2.0,3.0,4.0,,4.0,4.0,
3.0,4.0,2.0,3.0,2.0,3.0,8.0,8.0,7.0,8.0,3.0,6.0,2.0,1.0,2.0,1.0,3.0,2.0,3.0,2.25
2.0,3.0,,4.0,2.0,3.0,7.0,7.0,4.0,4.0,8.0,4.0,10.0,1.0,1.0,2.0,,1.0,3.0,
2.0,3.0,3.0,3.0,3.0,3.0,8.0,9.0,4.0,1.0,3.0,8.0,8.0,1.0,1.0,2.0,2.0,2.0,2.0,2.0
2.0,3.0,3.0,3.0,3.0,2.0,5.0,8.0,5.0,3.0,4.0,8.0,10.0,1.0,1.0,2.0,2.0,2.0,2.0,2.0
2.0,3.0,3.0,4.0,3.0,4.0,5.0,10.0,3.0,4.0,2.0,6.0,8.0,1.0,1.0,2.0,2.0,1.0,2.0,1.75
2.0,3.0,3.0,2.0,3.0,2.0,5.0,5.0,6.0,6.0,6.0,5.0,5.0,1.0,1.0,2.0,2.0,3.0,2.0,2.25
1.0,3.0,2.0,3.0,2.0,2.0,8.0,7.0,5.0,6.0,3.0,4.0,10.0,2.0,1.0,2.0,3.0,2.0,3.0,2.5
2.0,2.0,2.0,2.0,2.0,2.0,6.0,6.0,5.0,5.0,6.0,5.0,6.0,2.0,2.0,3.0,3.0,3.0,3.0,3.0
3.0,3.0,3.0,3.0,3.0,2.0,10.0,10.0,8.0,9.0,10.0,7.0,3.0,1.0,1.0,2.0,2.0,2.0,2.0,2.0
,3.0,4.0,4.0,3.0,,10.0,8.0,9.0,10.0,9.0,5.0,1.0,3.0,3.0,2.0,1.0,1.0,2.0,1.5
2.0,3.0,2.0,4.0,2.0,2.0,8.0,8.0,9.0,9.0,9.0,5.0,5.0,2.0,1.0,2.0,3.0,1.0,3.0,2.25
2.0,2.0,3.0,2.0,3.0,3.0,7.0,6.0,5.0,6.0,8.0,7.0,7.0,2.0,3.0,3.0,2.0,3.0,2.0,2.5
2.0,2.0,3.0,3.0,3.0,2.0,8.0,9.0,7.0,6.0,9.0,8.0,10.0,1.0,1.0,3.0,2.0,2.0,2.0,2.25
2.0,3.0,3.0,3.0,2.0,3.0,8.0,7.0,6.0,6.0,10.0,3.0,6.0,1.0,1.0,2.0,2.0,2.0,3.0,2.25
2.0,3.0,3.0,3.0,3.0,2.0,7.0,6.0,6.0,7.0,6.0,5.0,10.0,1.0,1.0,2.0,2.0,2.0,2.0,2.0
2.0,2.0,3.0,3.0,3.0,3.0,5.0,5.0,6.0,6.0,6.0,5.0,10.0,1.0,,3.0,2.0,2.0,2.0,2.25
1.0,2.0,2.0,2.0,2.0,2.0,6.0,2.0,10.0,10.0,5.0,6.0,10.0,1.0,,3.0,3.0,3.0,3.0,3.0
1.0,2.0,1.0,1.0,3.0,3.0,9.0,10.0,3.0,3.0,8.0,10.0,10.0,2.0,3.0,3.0,4.0,4.0,2.0,3.25
2.0,3.0,3.0,3.0,2.0,3.0,8.0,9.0,8.0,8.0,8.0,3.0,3.0,2.0,2.0,2.0,2.0,2.0,3.0,2.25
2.0,3.0,3.0,3.0,3.0,3.0,7.0,7.0,,,10.0,,10.0,1.0,1.0,2.0,2.0,2.0,2.0,2.0
3.0,1.0,2.0,4.0,2.0,3.0,7.0,8.0,4.0,5.0,7.0,7.0,6.0,1.0,1.0,4.0,3.0,1.0,3.0,2.75
2.0,2.0,4.0,4.0,4.0,2.0,5.0,5.0,5.0,6.0,6.0,5.0,5.0,,,3.0,1.0,1.0,1.0,1.5
1.0,1.0,2.0,2.0,2.0,3.0,6.0,6.0,6.0,6.0,6.0,6.0,5.0,1.0,1.0,4.0,3.0,3.0,3.0,3.25
1.0,1.0,3.0,3.0,3.0,1.0,9.0,9.0,1.0,2.0,9.0,7.0,10.0,1.0,1.0,4.0,2.0,2.0,2.0,2.5
2.0,3.0,3.0,3.0,3.0,3.0,8.0,9.0,5.0,8.0,8.0,7.0,6.0,1.0,1.0,2.0,2.0,2.0,2.0,2.0
2.0,3.0,3.0,3.0,3.0,3.0,5.0,5.0,6.0,6.0,6.0,7.0,5.0,1.0,1.0,2.0,2.0,2.0,2.0,2.0
3.0,3.0,4.0,4.0,3.0,2.0,10.0,8.0,8.0,8.0,8.0,2.0,1.0,1.0,1.0,2.0,1.0,1.0,2.0,1.5
2.0,2.0,3.0,3.0,3.0,3.0,5.0,5.0,6.0,8.0,8.0,5.0,6.0,1.0,1.0,3.0,2.0,2.0,2.0,2.25
2.0,3.0,3.0,3.0,3.0,2.0,8.0,9.0,9.0,6.0,8.0,8.0,5.0,1.0,2.0,2.0,2.0,2.0,2.0,2.0
3.0,3.0,3.0,3.0,3.0,1.0,8.0,8.0,3.0,3.0,3.0,8.0,,2.0,2.0,2.0,2.0,2.0,2.0,2.0
1.0,1.0,4.0,3.0,3.0,1.0,9.0,9.0,9.0,9.0,9.0,9.0,1.0,2.0,2.0,4.0,1.0,2.0,2.0,2.25
2.0,3.0,4.0,4.0,4.0,2.0,5.0,5.0,6.0,6.0,6.0,5.0,5.0,1.0,1.0,2.0,1.0,1.0,1.0,1.25
2.0,3.0,3.0,3.0,3.0,3.0,8.0,8.0,6.0,6.0,6.0,6.0,7.0,1.0,1.0,2.0,2.0,2.0,2.0,2.0
1.0,2.0,3.0,3.0,3.0,2.0,8.0,8.0,6.0,6.0,9.0,3.0,7.0,1.0,1.0,3.0,2.0,2.0,2.0,2.25
3.0,2.0,2.0,3.0,3.0,3.0,10.0,10.0,3.0,3.0,7.0,9.0,7.0,1.0,1.0,3.0,3.0,2.0,2.0,2.5
2.0,3.0,4.0,2.0,4.0,2.0,8.0,8.0,4.0,7.0,7.0,5.0,7.0,2.0,2.0,2.0,1.0,3.0,1.0,1.75
2.0,3.0,3.0,3.0,3.0,3.0,8.0,8.0,8.0,8.0,9.0,7.0,3.0,1.0,1.0,2.0,2.0,2.0,2.0,2.0
2.0,3.0,3.0,3.0,3.0,3.0,5.0,5.0,5.0,6.0,6.0,6.0,10.0,1.0,,2.0,2.0,2.0,2.0,2.0
1.0,3.0,2.0,3.0,3.0,2.0,5.0,5.0,6.0,6.0,6.0,5.0,10.0,1.0,,2.0,3.0,2.0,2.0,2.25
2.0,2.0,3.0,3.0,3.0,3.0,5.0,5.0,6.0,6.0,6.0,5.0,9.0,1.0,2.0,3.0,2.0,2.0,2.0,2.25
2.0,3.0,3.0,4.0,4.0,2.0,7.0,7.0,4.0,4.0,5.0,5.0,10.0,2.0,2.0,2.0,2.0,1.0,1.0,1.5
3.0,4.0,4.0,4.0,4.0,4.0,7.0,7.0,6.0,9.0,6.0,4.0,1.0,2.0,1.0,1.0,1.0,1.0,1.0,1.0
2.0,4.0,4.0,4.0,4.0,2.0,8.0,8.0,9.0,9.0,9.0,6.0,2.0,1.0,3.0,1.0,1.0,1.0,1.0,1.0
2.0,3.0,4.0,4.0,4.0,2.0,6.0,6.0,5.0,7.0,4.0,7.0,10.0,1.0,1.0,2.0,1.0,1.0,1.0,1.25
2.0,2.0,3.0,3.0,3.0,2.0,7.0,7.0,9.0,6.0,8.0,7.0,10.0,1.0,1.0,3.0,2.0,2.0,2.0,2.25
2.0,3.0,3.0,2.0,2.0,3.0,6.0,7.0,5.0,4.0,1.0,6.0,8.0,1.0,1.0,2.0,2.0,3.0,3.0,2.5
2.0,4.0,3.0,3.0,3.0,2.0,10.0,8.0,10.0,6.0,3.0,7.0,3.0,,,1.0,2.0,2.0,2.0,1.75
2.0,3.0,3.0,3.0,2.0,3.0,8.0,7.0,6.0,6.0,6.0,5.0,10.0,1.0,1.0,2.0,2.0,2.0,3.0,2.25
2.0,1.0,3.0,3.0,4.0,2.0,4.0,6.0,4.0,5.0,8.0,5.0,7.0,1.0,1.0,4.0,2.0,2.0,1.0,2.25
2.0,3.0,3.0,3.0,3.0,3.0,8.0,8.0,7.0,7.0,6.0,6.0,8.0,2.0,2.0,2.0,2.0,2.0,2.0,2.0
1.0,3.0,3.0,4.0,3.0,1.0,4.0,10.0,4.0,5.0,3.0,8.0,5.0,3.0,2.0,2.0,2.0,1.0,2.0,1.75
1.0,3.0,3.0,3.0,3.0,3.0,7.0,7.0,6.0,6.0,7.0,7.0,10.0,2.0,1.0,2.0,2.0,2.0,2.0,2.0
2.0,2.0,3.0,2.0,3.0,4.0,5.0,5.0,6.0,6.0,6.0,5.0,10.0,,,3.0,2.0,3.0,2.0,2.5
2.0,2.0,4.0,4.0,4.0,3.0,8.0,8.0,3.0,3.0,7.0,1.0,3.0,1.0,3.0,3.0,1.0,1.0,1.0,1.5
2.0,4.0,4.0,4.0,3.0,2.0,10.0,10.0,10.0,1.0,10.0,8.0,4.0,2.0,1.0,1.0,1.0,1.0,2.0,1.25
2.0,3.0,3.0,3.0,3.0,2.0,5.0,5.0,6.0,6.0,6.0,7.0,10.0,1.0,1.0,2.0,2.0,2.0,2.0,2.0
2.0,3.0,2.0,2.0,2.0,2.0,5.0,5.0,6.0,6.0,6.0,5.0,7.0,,,2.0,3.0,3.0,3.0,2.75
2.0,2.0,1.0,3.0,2.0,3.0,5.0,5.0,6.0,6.0,6.0,5.0,9.0,2.0,,3.0,4.0,2.0,3.0,3.0
1.0,2.0,1.0,2.0,1.0,2.0,3.0,4.0,6.0,6.0,8.0,4.0,7.0,3.0,3.0,3.0,4.0,3.0,4.0,3.5
1.0,3.0,3.0,1.0,2.0,3.0,2.0,2.0,8.0,8.0,9.0,2.0,7.0,3.0,3.0,2.0,2.0,4.0,3.0,2.75
2.0,3.0,2.0,4.0,4.0,2.0,8.0,8.0,3.0,3.0,10.0,10.0,8.0,1.0,1.0,2.0,3.0,1.0,1.0,1.75
1.0,3.0,,3.0,2.0,2.0,5.0,5.0,6.0,6.0,6.0,9.0,10.0,,,2.0,,2.0,3.0,
2.0,2.0,1.0,3.0,3.0,3.0,6.0,6.0,5.0,5.0,5.0,6.0,8.0,1.0,1.0,3.0,4.0,2.0,2.0,2.75
1.0,3.0,2.0,3.0,3.0,3.0,9.0,8.0,9.0,6.0,4.0,7.0,9.0,1.0,2.0,2.0,3.0,2.0,2.0,2.25
3.0,4.0,3.0,3.0,3.0,3.0,10.0,10.0,1.0,10.0,10.0,9.0,1.0,1.0,1.0,1.0,2.0,2.0,2.0,1.75
2.0,3.0,2.0,4.0,4.0,2.0,7.0,7.0,3.0,10.0,4.0,6.0,10.0,1.0,3.0,2.0,3.0,1.0,1.0,1.75
2.0,3.0,4.0,4.0,4.0,2.0,10.0,8.0,10.0,10.0,1.0,10.0,1.0,1.0,1.0,2.0,1.0,1.0,1.0,1.25
2.0,2.0,3.0,3.0,3.0,3.0,9.0,9.0,4.0,8.0,9.0,7.0,7.0,1.0,2.0,3.0,2.0,2.0,2.0,2.25
2.0,2.0,3.0,4.0,3.0,4.0,8.0,5.0,7.0,6.0,7.0,6.0,3.0,1.0,1.0,3.0,2.0,1.0,2.0,2.0
2.0,3.0,3.0,4.0,3.0,1.0,7.0,8.0,8.0,8.0,7.0,6.0,10.0,1.0,3.0,2.0,2.0,1.0,2.0,1.75
2.0,3.0,3.0,3.0,3.0,2.0,8.0,8.0,3.0,4.0,7.0,6.0,7.0,1.0,1.0,2.0,2.0,2.0,2.0,2.0
2.0,4.0,4.0,4.0,4.0,2.0,10.0,10.0,9.0,10.0,10.0,8.0,10.0,,,1.0,1.0,1.0,1.0,1.0
1.0,4.0,4.0,4.0,4.0,1.0,10.0,10.0,7.0,10.0,6.0,10.0,6.0,1.0,3.0,1.0,1.0,1.0,1.0,1.0
2.0,3.0,1.0,3.0,3.0,1.0,9.0,10.0,2.0,2.0,9.0,9.0,10.0,,,2.0,4.0,2.0,2.0,2.5
2.0,3.0,3.0,3.0,3.0,2.0,1.0,2.0,6.0,3.0,10.0,8.0,6.0,,,2.0,2.0,2.0,2.0,2.0
2.0,3.0,3.0,3.0,3.0,2.0,6.0,6.0,7.0,7.0,7.0,6.0,10.0,1.0,1.0,2.0,2.0,2.0,2.0,2.0
2.0,4.0,4.0,4.0,4.0,2.0,10.0,10.0,10.0,8.0,10.0,8.0,1.0,1.0,1.0,1.0,1.0,1.0,1.0,1.0
2.0,,1.0,3.0,1.0,2.0,9.0,9.0,4.0,6.0,10.0,5.0,10.0,1.0,1.0,,4.0,2.0,4.0,
4.0,3.0,3.0,4.0,3.0,2.0,7.0,7.0,6.0,6.0,1.0,8.0,8.0,1.0,,2.0,2.0,1.0,2.0,1.75
2.0,3.0,4.0,4.0,4.0,1.0,5.0,5.0,6.0,6.0,8.0,8.0,5.0,3.0,3.0,2.0,1.0,1.0,1.0,1.25
2.0,3.0,3.0,3.0,3.0,3.0,8.0,8.0,6.0,6.0,3.0,7.0,1.0,3.0,,2.0,2.0,2.0,2.0,2.0
2.0,3.0,3.0,3.0,3.0,3.0,7.0,6.0,6.0,6.0,6.0,5.0,9.0,,,2.0,2.0,2.0,2.0,2.0
2.0,3.0,3.0,3.0,3.0,3.0,8.0,8.0,8.0,8.0,9.0,9.0,5.0,1.0,1.0,2.0,2.0,2.0,2.0,2.0
2.0,2.0,3.0,4.0,4.0,1.0,8.0,6.0,4.0,5.0,8.0,,3.0,1.0,1.0,3.0,2.0,1.0,1.0,1.75
2.0,4.0,1.0,4.0,2.0,,10.0,10.0,5.0,5.0,10.0,10.0,10.0,1.0,1.0,1.0,4.0,1.0,3.0,2.25
2.0,3.0,3.0,3.0,3.0,2.0,8.0,8.0,4.0,4.0,6.0,7.0,10.0,3.0,2.0,2.0,2.0,2.0,2.0,2.0
2.0,3.0,3.0,3.0,3.0,2.0,8.0,8.0,6.0,5.0,8.0,6.0,7.0,1.0,2.0,2.0,2.0,2.0,2.0,2.0
2.0,2.0,3.0,3.0,3.0,4.0,8.0,8.0,3.0,3.0,3.0,6.0,8.0,1.0,1.0,3.0,2.0,2.0,2.0,2.25
2.0,3.0,3.0,4.0,4.0,2.0,7.0,7.0,6.0,7.0,6.0,3.0,10.0,3.0,3.0,2.0,2.0,1.0,1.0,1.5
1.0,2.0,3.0,3.0,3.0,2.0,6.0,6.0,4.0,4.0,7.0,3.0,10.0,1.0,2.0,3.0,2.0,2.0,2.0,2.25
1.0,2.0,3.0,3.0,3.0,3.0,2.0,2.0,6.0,6.0,6.0,9.0,6.0,,,3.0,2.0,2.0,2.0,2.25
2.0,3.0,3.0,4.0,4.0,2.0,8.0,10.0,3.0,3.0,9.0,6.0,8.0,1.0,1.0,2.0,2.0,1.0,1.0,1.5
1.0,1.0,1.0,1.0,1.0,1.0,5.0,5.0,6.0,6.0,6.0,8.0,10.0,1.0,1.0,4.0,4.0,4.0,4.0,4.0
1.0,3.0,4.0,4.0,4.0,2.0,9.0,8.0,8.0,4.0,4.0,5.0,10.0,3.0,3.0,2.0,1.0,1.0,1.0,1.25
1.0,3.0,4.0,4.0,4.0,3.0,9.0,10.0,7.0,7.0,10.0,10.0,9.0,1.0,1.0,2.0,1.0,1.0,1.0,1.25
2.0,3.0,3.0,2.0,3.0,3.0,7.0,6.0,5.0,5.0,6.0,5.0,1.0,1.0,1.0,2.0,2.0,3.0,2.0,2.25
1.0,3.0,2.0,2.0,2.0,2.0,7.0,8.0,3.0,4.0,10.0,9.0,10.0,1.0,3.0,2.0,3.0,3.0,3.0,2.75
1.0,3.0,3.0,3.0,4.0,3.0,5.0,5.0,6.0,6.0,6.0,5.0,10.0,1.0,2.0,2.0,2.0,2.0,1.0,1.75
1.0,1.0,2.0,3.0,4.0,4.0,6.0,6.0,4.0,4.0,5.0,5.0,10.0,1.0,,4.0,3.0,2.0,1.0,2.5
1.0,2.0,3.0,3.0,3.0,1.0,9.0,9.0,2.0,4.0,10.0,5.0,6.0,1.0,1.0,3.0,2.0,2.0,2.0,2.25
2.0,4.0,3.0,3.0,4.0,2.0,7.0,8.0,5.0,4.0,3.0,8.0,10.0,2.0,3.0,1.0,2.0,2.0,1.0,1.5
,3.0,3.0,4.0,4.0,2.0,9.0,9.0,2.0,5.0,6.0,6.0,10.0,3.0,2.0,2.0,2.0,1.0,1.0,1.5
3.0,3.0,3.0,3.0,3.0,1.0,9.0,9.0,2.0,6.0,6.0,9.0,10.0,1.0,1.0,2.0,2.0,2.0,2.0,2.0
1.0,3.0,2.0,3.0,2.0,3.0,5.0,6.0,4.0,4.0,6.0,7.0,8.0,1.0,1.0,2.0,3.0,2.0,3.0,2.5
2.0,3.0,3.0,3.0,3.0,2.0,8.0,9.0,6.0,6.0,3.0,8.0,8.0,3.0,3.0,2.0,2.0,2.0,2.0,2.0
1.0,1.0,2.0,2.0,2.0,2.0,8.0,8.0,6.0,6.0,5.0,8.0,5.0,1.0,,4.0,3.0,3.0,3.0,3.25
2.0,3.0,4.0,4.0,4.0,2.0,10.0,10.0,8.0,10.0,10.0,6.0,1.0,2.0,2.0,2.0,1.0,1.0,1.0,1.25
1.0,1.0,2.0,1.0,2.0,2.0,1.0,9.0,9.0,7.0,9.0,2.0,9.0,1.0,1.0,4.0,3.0,4.0,3.0,3.5
3.0,3.0,3.0,3.0,3.0,2.0,5.0,5.0,6.0,6.0,6.0,5.0,5.0,1.0,1.0,2.0,2.0,2.0,2.0,2.0
2.0,3.0,4.0,4.0,4.0,2.0,8.0,8.0,3.0,9.0,9.0,6.0,5.0,1.0,2.0,2.0,1.0,1.0,1.0,1.25
3.0,3.0,3.0,3.0,3.0,1.0,4.0,4.0,3.0,6.0,3.0,4.0,9.0,1.0,3.0,2.0,2.0,2.0,2.0,2.0
1.0,3.0,3.0,3.0,3.0,3.0,10.0,10.0,1.0,1.0,5.0,10.0,7.0,1.0,1.0,2.0,2.0,2.0,2.0,2.0
2.0,3.0,3.0,3.0,3.0,2.0,3.0,4.0,10.0,9.0,6.0,4.0,5.0,1.0,1.0,2.0,2.0,2.0,2.0,2.0
2.0,2.0,2.0,3.0,2.0,3.0,1.0,4.0,7.0,7.0,7.0,5.0,7.0,2.0,3.0,3.0,3.0,2.0,3.0,2.75
2.0,2.0,2.0,3.0,2.0,3.0,7.0,8.0,6.0,3.0,10.0,8.0,2.0,1.0,1.0,3.0,3.0,2.0,3.0,2.75
1.0,2.0,1.0,1.0,4.0,4.0,6.0,6.0,5.0,5.0,5.0,6.0,10.0,1.0,1.0,3.0,4.0,4.0,1.0,3.0
1.0,3.0,3.0,3.0,3.0,3.0,9.0,9.0,7.0,6.0,9.0,9.0,6.0,2.0,2.0,2.0,2.0,2.0,2.0,2.0
2.0,3.0,3.0,4.0,4.0,4.0,9.0,10.0,1.0,1.0,6.0,7.0,2.0,1.0,1.0,2.0,2.0,1.0,1.0,1.5
2.0,2.0,3.0,4.0,4.0,2.0,8.0,8.0,3.0,3.0,9.0,7.0,10.0,3.0,3.0,3.0,2.0,1.0,1.0,1.75
2.0,4.0,2.0,4.0,3.0,3.0,6.0,6.0,4.0,7.0,2.0,2.0,9.0,2.0,3.0,1.0,3.0,1.0,2.0,1.75
1.0,3.0,3.0,3.0,3.0,2.0,4.0,4.0,6.0,7.0,9.0,4.0,10.0,1.0,2.0,2.0,2.0,2.0,2.0,2.0
1.0,1.0,4.0,4.0,4.0,3.0,8.0,8.0,8.0,10.0,10.0,7.0,7.0,2.0,2.0,4.0,1.0,1.0,1.0,1.75
2.0,3.0,3.0,3.0,3.0,2.0,8.0,7.0,6.0,9.0,8.0,5.0,5.0,1.0,1.0,2.0,2.0,2.0,2.0,2.0
2.0,3.0,3.0,3.0,3.0,3.0,8.0,8.0,7.0,5.0,8.0,6.0,6.0,1.0,1.0,2.0,2.0,2.0,2.0,2.0
2.0,2.0,4.0,4.0,4.0,4.0,2.0,1.0,2.0,1.0,6.0,1.0,9.0,2.0,2.0,3.0,1.0,1.0,1.0,1.5
1.0,4.0,4.0,4.0,4.0,4.0,8.0,8.0,4.0,6.0,5.0,8.0,5.0,1.0,2.0,1.0,1.0,1.0,1.0,1.0
1.0,3.0,3.0,3.0,3.0,2.0,5.0,6.0,6.0,5.0,4.0,6.0,10.0,1.0,1.0,2.0,2.0,2.0,2.0,2.0
3.0,3.0,3.0,3.0,2.0,2.0,5.0,8.0,3.0,6.0,8.0,5.0,10.0,1.0,2.0,2.0,2.0,2.0,3.0,2.25
2.0,3.0,3.0,3.0,3.0,3.0,8.0,8.0,4.0,7.0,10.0,9.0,4.0,1.0,1.0,2.0,2.0,2.0,2.0,2.0
2.0,3.0,,4.0,,2.0,7.0,6.0,4.0,4.0,8.0,6.0,3.0,2.0,1.0,2.0,,1.0,,
1.0,2.0,3.0,3.0,2.0,3.0,5.0,5.0,6.0,6.0,3.0,8.0,6.0,1.0,1.0,3.0,2.0,2.0,3.0,2.5
2.0,3.0,4.0,4.0,4.0,2.0,4.0,6.0,6.0,6.0,7.0,5.0,7.0,2.0,,2.0,1.0,1.0,1.0,1.25
1.0,3.0,3.0,3.0,2.0,3.0,8.0,1.0,6.0,6.0,1.0,4.0,5.0,2.0,2.0,2.0,2.0,2.0,3.0,2.25
1.0,1.0,3.0,3.0,3.0,3.0,9.0,9.0,2.0,4.0,9.0,10.0,10.0,2.0,2.0,4.0,2.0,2.0,2.0,2.5
2.0,3.0,3.0,3.0,3.0,3.0,5.0,5.0,6.0,6.0,6.0,2.0,10.0,1.0,,2.0,2.0,2.0,2.0,2.0
2.0,3.0,3.0,3.0,3.0,3.0,8.0,8.0,5.0,5.0,5.0,7.0,2.0,1.0,1.0,2.0,2.0,2.0,2.0,2.0
2.0,3.0,3.0,3.0,3.0,2.0,7.0,7.0,5.0,7.0,8.0,5.0,6.0,1.0,2.0,2.0,2.0,2.0,2.0,2.0
2.0,3.0,3.0,3.0,3.0,3.0,9.0,9.0,9.0,9.0,10.0,7.0,7.0,1.0,1.0,2.0,2.0,2.0,2.0,2.0
2.0,1.0,3.0,4.0,3.0,3.0,9.0,6.0,5.0,10.0,8.0,7.0,6.0,1.0,2.0,4.0,2.0,1.0,2.0,2.25
1.0,3.0,3.0,3.0,3.0,3.0,8.0,8.0,6.0,6.0,3.0,8.0,5.0,1.0,1.0,2.0,2.0,2.0,2.0,2.0
1.0,1.0,2.0,2.0,2.0,2.0,7.0,10.0,4.0,1.0,7.0,7.0,6.0,1.0,1.0,4.0,3.0,3.0,3.0,3.25
3.0,3.0,3.0,3.0,3.0,2.0,8.0,8.0,5.0,4.0,7.0,7.0,10.0,2.0,3.0,2.0,2.0,2.0,2.0,2.0
2.0,3.0,3.0,3.0,3.0,2.0,9.0,9.0,6.0,4.0,9.0,9.0,10.0,1.0,2.0,2.0,2.0,2.0,2.0,2.0
2.0,2.0,3.0,3.0,3.0,2.0,9.0,8.0,8.0,8.0,9.0,1.0,4.0,1.0,1.0,3.0,2.0,2.0,2.0,2.25
2.0,3.0,3.0,3.0,3.0,2.0,7.0,8.0,3.0,6.0,8.0,9.0,7.0,2.0,2.0,2.0,2.0,2.0,2.0,2.0
3.0,3.0,3.0,3.0,3.0,2.0,8.0,8.0,6.0,10.0,10.0,8.0,9.0,1.0,1.0,2.0,2.0,2.0,2.0,2.0
1.0,2.0,1.0,3.0,2.0,1.0,10.0,10.0,5.0,6.0,6.0,9.0,8.0,2.0,1.0,3.0,4.0,2.0,3.0,3.0
1.0,2.0,1.0,1.0,2.0,2.0,6.0,6.0,6.0,5.0,5.0,6.0,8.0,1.0,1.0,3.0,4.0,4.0,3.0,3.5
1.0,3.0,2.0,2.0,3.0,2.0,6.0,6.0,4.0,4.0,4.0,9.0,10.0,1.0,1.0,2.0,3.0,3.0,2.0,2.5
1.0,4.0,4.0,,2.0,1.0,5.0,5.0,6.0,6.0,6.0,5.0,5.0,1.0,1.0,1.0,1.0,,3.0,
2.0,2.0,3.0,3.0,3.0,3.0,6.0,8.0,3.0,4.0,7.0,5.0,5.0,2.0,3.0,3.0,2.0,2.0,2.0,2.25
1.0,2.0,2.0,2.0,3.0,3.0,8.0,8.0,3.0,9.0,9.0,9.0,7.0,1.0,1.0,3.0,3.0,3.0,2.0,2.75
2.0,3.0,3.0,3.0,3.0,2.0,5.0,7.0,3.0,7.0,6.0,8.0,4.0,1.0,1.0,2.0,2.0,2.0,2.0,2.0
1.0,2.0,2.0,2.0,2.0,2.0,1.0,1.0,9.0,3.0,10.0,9.0,2.0,1.0,1.0,3.0,3.0,3.0,3.0,3.0
2.0,3.0,3.0,3.0,3.0,3.0,9.0,10.0,5.0,3.0,9.0,8.0,10.0,1.0,1.0,2.0,2.0,2.0,2.0,2.0
1.0,3.0,3.0,4.0,4.0,4.0,9.0,7.0,7.0,3.0,10.0,8.0,7.0,1.0,1.0,2.0,2.0,1.0,1.0,1.5
1.0,4.0,4.0,4.0,4.0,2.0,5.0,5.0,6.0,6.0,6.0,5.0,5.0,1.0,1.0,1.0,1.0,1.0,1.0,1.0
1.0,3.0,3.0,3.0,3.0,3.0,5.0,7.0,6.0,6.0,7.0,6.0,8.0,1.0,1.0,2.0,2.0,2.0,2.0,2.0
2.0,3.0,4.0,4.0,4.0,1.0,5.0,6.0,6.0,4.0,9.0,8.0,5.0,1.0,1.0,2.0,1.0,1.0,1.0,1.25
1.0,2.0,2.0,3.0,2.0,2.0,3.0,2.0,7.0,8.0,10.0,8.0,,1.0,1.0,3.0,3.0,2.0,3.0,2.75
2.0,3.0,2.0,2.0,3.0,1.0,7.0,5.0,9.0,6.0,6.0,5.0,5.0,1.0,1.0,2.0,3.0,3.0,2.0,2.5
2.0,3.0,3.0,3.0,3.0,2.0,7.0,8.0,3.0,4.0,9.0,9.0,8.0,1.0,1.0,2.0,2.0,2.0,2.0,2.0
1.0,1.0,1.0,4.0,3.0,1.0,5.0,10.0,6.0,6.0,6.0,8.0,10.0,1.0,1.0,4.0,4.0,1.0,2.0,2.75
2.0,4.0,4.0,4.0,4.0,1.0,10.0,10.0,8.0,10.0,10.0,8.0,6.0,1.0,3.0,1.0,1.0,1.0,1.0,1.0
2.0,3.0,4.0,3.0,3.0,3.0,6.0,6.0,5.0,5.0,4.0,6.0,10.0,1.0,,2.0,1.0,2.0,2.0,1.75
2.0,4.0,2.0,3.0,3.0,4.0,6.0,5.0,2.0,5.0,8.0,7.0,6.0,2.0,2.0,1.0,3.0,2.0,2.0,2.0
2.0,2.0,3.0,3.0,3.0,2.0,4.0,4.0,7.0,7.0,6.0,5.0,10.0,1.0,2.0,3.0,2.0,2.0,2.0,2.25
2.0,3.0,3.0,3.0,3.0,3.0,7.0,7.0,6.0,8.0,9.0,6.0,7.0,2.0,3.0,2.0,2.0,2.0,2.0,2.0
2.0,4.0,2.0,4.0,3.0,2.0,10.0,8.0,10.0,10.0,10.0,7.0,3.0,1.0,1.0,1.0,3.0,1.0,2.0,1.75
2.0,2.0,2.0,3.0,2.0,2.0,6.0,6.0,6.0,5.0,6.0,6.0,6.0,1.0,1.0,3.0,3.0,2.0,3.0,2.75
2.0,2.0,,2.0,,1.0,8.0,9.0,4.0,6.0,6.0,7.0,10.0,1.0,2.0,3.0,,3.0,,
1.0,3.0,3.0,3.0,3.0,3.0,7.0,8.0,6.0,6.0,6.0,7.0,6.0,3.0,1.0,2.0,2.0,2.0,2.0,2.0
3.0,3.0,3.0,4.0,4.0,1.0,10.0,8.0,6.0,10.0,10.0,9.0,10.0,1.0,1.0,2.0,2.0,1.0,1.0,1.5
2.0,4.0,4.0,4.0,4.0,4.0,5.0,5.0,6.0,6.0,6.0,5.0,6.0,2.0,2.0,1.0,1.0,1.0,1.0,1.0
1.0,2.0,3.0,3.0,3.0,3.0,8.0,8.0,4.0,6.0,5.0,3.0,10.0,,,3.0,2.0,2.0,2.0,2.25
1.0,2.0,3.0,3.0,3.0,3.0,5.0,5.0,6.0,6.0,6.0,5.0,6.0,1.0,1.0,3.0,2.0,2.0,2.0,2.25
2.0,4.0,2.0,3.0,2.0,2.0,5.0,5.0,5.0,5.0,6.0,5.0,8.0,1.0,1.0,1.0,3.0,2.0,3.0,2.25
2.0,3.0,3.0,3.0,3.0,3.0,8.0,8.0,9.0,9.0,10.0,7.0,2.0,2.0,2.0,2.0,2.0,2.0,2.0,2.0
2.0,3.0,3.0,3.0,3.0,3.0,8.0,8.0,9.0,9.0,9.0,6.0,5.0,1.0,1.0,2.0,2.0,2.0,2.0,2.0
2.0,3.0,3.0,3.0,3.0,2.0,6.0,6.0,6.0,5.0,6.0,5.0,7.0,1.0,1.0,2.0,2.0,2.0,2.0,2.0
2.0,3.0,3.0,2.0,2.0,3.0,6.0,5.0,3.0,4.0,6.0,6.0,10.0,1.0,1.0,2.0,2.0,3.0,3.0,2.5
2.0,4.0,4.0,4.0,4.0,1.0,8.0,7.0,8.0,8.0,1.0,,8.0,1.0,1.0,1.0,1.0,1.0,1.0,1.0
2.0,3.0,3.0,3.0,3.0,2.0,4.0,4.0,3.0,4.0,7.0,5.0,4.0,1.0,1.0,2.0,2.0,2.0,2.0,2.0
2.0,3.0,3.0,3.0,3.0,2.0,7.0,7.0,7.0,8.0,8.0,7.0,8.0,1.0,2.0,2.0,2.0,2.0,2.0,2.0
1.0,4.0,3.0,3.0,3.0,1.0,7.0,7.0,6.0,9.0,9.0,5.0,8.0,2.0,2.0,1.0,2.0,2.0,2.0,1.75
2.0,3.0,3.0,3.0,3.0,2.0,7.0,7.0,8.0,6.0,9.0,7.0,8.0,2.0,2.0,2.0,2.0,2.0,2.0,2.0
1.0,3.0,4.0,4.0,4.0,1.0,10.0,10.0,10.0,10.0,10.0,7.0,10.0,1.0,2.0,2.0,1.0,1.0,1.0,1.25
2.0,3.0,3.0,3.0,3.0,2.0,8.0,8.0,9.0,9.0,10.0,6.0,3.0,1.0,2.0,2.0,2.0,2.0,2.0,2.0
2.0,3.0,3.0,3.0,3.0,2.0,8.0,8.0,9.0,8.0,9.0,6.0,7.0,1.0,1.0,2.0,2.0,2.0,2.0,2.0
1.0,2.0,1.0,2.0,3.0,2.0,8.0,8.0,4.0,5.0,8.0,6.0,7.0,1.0,1.0,3.0,4.0,3.0,2.0,3.0
2.0,3.0,,4.0,4.0,4.0,5.0,5.0,6.0,6.0,6.0,5.0,5.0,1.0,1.0,2.0,,1.0,1.0,
1.0,1.0,2.0,,3.0,3.0,5.0,5.0,6.0,6.0,6.0,5.0,4.0,1.0,1.0,4.0,3.0,,2.0,
2.0,3.0,2.0,3.0,3.0,2.0,5.0,5.0,6.0,6.0,6.0,5.0,5.0,1.0,1.0,2.0,3.0,2.0,2.0,2.25
2.0,3.0,2.0,3.0,3.0,1.0,5.0,5.0,6.0,6.0,6.0,5.0,5.0,1.0,1.0,2.0,3.0,2.0,2.0,2.25
3.0,3.0,3.0,3.0,3.0,3.0,8.0,8.0,9.0,8.0,9.0,3.0,3.0,1.0,1.0,2.0,2.0,2.0,2.0,2.0
1.0,2.0,2.0,3.0,3.0,2.0,10.0,10.0,2.0,2.0,10.0,9.0,10.0,3.0,3.0,3.0,3.0,2.0,2.0,2.5
2.0,4.0,3.0,4.0,3.0,3.0,8.0,7.0,6.0,6.0,8.0,3.0,1.0,3.0,3.0,1.0,2.0,1.0,2.0,1.5
2.0,3.0,3.0,4.0,3.0,2.0,8.0,9.0,6.0,6.0,10.0,5.0,10.0,1.0,1.0,2.0,2.0,1.0,2.0,1.75
2.0,2.0,2.0,2.0,3.0,3.0,6.0,6.0,6.0,6.0,5.0,5.0,4.0,1.0,1.0,3.0,3.0,3.0,2.0,2.75
2.0,3.0,3.0,3.0,3.0,2.0,7.0,7.0,8.0,8.0,4.0,6.0,6.0,2.0,,2.0,2.0,2.0,2.0,2.0
1.0,4.0,4.0,4.0,4.0,4.0,6.0,6.0,5.0,5.0,5.0,6.0,8.0,2.0,2.0,1.0,1.0,1.0,1.0,1.0
2.0,3.0,3.0,3.0,3.0,3.0,9.0,9.0,9.0,8.0,9.0,7.0,3.0,2.0,2.0,2.0,2.0,2.0,2.0,2.0
1.0,3.0,3.0,3.0,3.0,3.0,9.0,4.0,5.0,7.0,9.0,8.0,2.0,1.0,2.0,2.0,2.0,2.0,2.0,2.0
2.0,2.0,2.0,4.0,3.0,2.0,8.0,8.0,5.0,6.0,8.0,7.0,3.0,2.0,2.0,3.0,3.0,1.0,2.0,2.25
2.0,3.0,3.0,3.0,3.0,2.0,7.0,6.0,4.0,3.0,3.0,8.0,10.0,3.0,3.0,2.0,2.0,2.0,2.0,2.0
2.0,1.0,3.0,4.0,3.0,1.0,10.0,10.0,3.0,6.0,10.0,10.0,10.0,1.0,1.0,4.0,2.0,1.0,2.0,2.25
2.0,3.0,3.0,2.0,3.0,3.0,6.0,5.0,6.0,8.0,9.0,4.0,9.0,1.0,1.0,2.0,2.0,3.0,2.0,2.25
2.0,3.0,3.0,2.0,2.0,3.0,7.0,8.0,8.0,7.0,6.0,5.0,6.0,1.0,1.0,2.0,2.0,3.0,3.0,2.5
2.0,3.0,3.0,3.0,3.0,2.0,7.0,7.0,6.0,6.0,4.0,6.0,8.0,1.0,2.0,2.0,2.0,2.0,2.0,2.0
2.0,3.0,3.0,3.0,3.0,3.0,8.0,8.0,4.0,6.0,8.0,6.0,9.0,1.0,1.0,2.0,2.0,2.0,2.0,2.0
2.0,3.0,3.0,3.0,3.0,2.0,6.0,5.0,9.0,9.0,9.0,3.0,2.0,1.0,1.0,2.0,2.0,2.0,2.0,2.0
2.0,3.0,4.0,4.0,4.0,2.0,8.0,8.0,6.0,8.0,8.0,2.0,10.0,,,2.0,1.0,1.0,1.0,1.25
1.0,2.0,3.0,4.0,2.0,3.0,8.0,8.0,4.0,8.0,8.0,3.0,6.0,2.0,2.0,3.0,2.0,1.0,3.0,2.25
3.0,2.0,3.0,4.0,3.0,1.0,8.0,6.0,5.0,8.0,9.0,6.0,8.0,2.0,2.0,3.0,2.0,1.0,2.0,2.0
2.0,3.0,3.0,3.0,3.0,3.0,8.0,8.0,4.0,5.0,8.0,6.0,5.0,1.0,1.0,2.0,2.0,2.0,2.0,2.0
2.0,3.0,3.0,3.0,3.0,2.0,6.0,4.0,5.0,5.0,7.0,6.0,4.0,1.0,1.0,2.0,2.0,2.0,2.0,2.0
1.0,2.0,2.0,3.0,3.0,3.0,5.0,4.0,6.0,6.0,8.0,4.0,6.0,2.0,3.0,3.0,3.0,2.0,2.0,2.5
1.0,3.0,3.0,3.0,3.0,3.0,5.0,5.0,3.0,4.0,6.0,5.0,5.0,2.0,3.0,2.0,2.0,2.0,2.0,2.0
1.0,1.0,2.0,3.0,3.0,3.0,6.0,6.0,5.0,6.0,6.0,6.0,10.0,2.0,2.0,4.0,3.0,2.0,2.0,2.75
2.0,3.0,3.0,3.0,3.0,2.0,8.0,8.0,8.0,8.0,8.0,6.0,8.0,1.0,2.0,2.0,2.0,2.0,2.0,2.0
1.0,1.0,2.0,1.0,2.0,2.0,7.0,6.0,6.0,4.0,10.0,5.0,6.0,2.0,2.0,4.0,3.0,4.0,3.0,3.5
1.0,3.0,3.0,4.0,4.0,4.0,7.0,8.0,4.0,5.0,3.0,7.0,4.0,1.0,1.0,2.0,2.0,1.0,1.0,1.5
2.0,3.0,3.0,3.0,3.0,2.0,8.0,8.0,9.0,9.0,9.0,7.0,8.0,1.0,1.0,2.0,2.0,2.0,2.0,2.0
2.0,3.0,2.0,3.0,2.0,2.0,6.0,6.0,8.0,8.0,8.0,7.0,8.0,1.0,1.0,2.0,3.0,2.0,3.0,2.5
2.0,3.0,4.0,4.0,4.0,4.0,6.0,5.0,8.0,6.0,6.0,6.0,9.0,1.0,2.0,2.0,1.0,1.0,1.0,1.25
1.0,3.0,3.0,3.0,3.0,3.0,7.0,8.0,4.0,6.0,7.0,5.0,10.0,2.0,2.0,2.0,2.0,2.0,2.0,2.0
2.0,3.0,3.0,4.0,4.0,3.0,8.0,8.0,6.0,7.0,5.0,3.0,3.0,1.0,1.0,2.0,2.0,1.0,1.0,1.5
2.0,3.0,3.0,3.0,3.0,3.0,5.0,5.0,6.0,3.0,8.0,5.0,5.0,1.0,1.0,2.0,2.0,2.0,2.0,2.0
2.0,3.0,3.0,3.0,3.0,2.0,10.0,10.0,6.0,9.0,10.0,6.0,10.0,1.0,,2.0,2.0,2.0,2.0,2.0
2.0,3.0,2.0,3.0,3.0,2.0,10.0,7.0,3.0,9.0,10.0,7.0,2.0,1.0,1.0,2.0,3.0,2.0,2.0,2.25
3.0,2.0,3.0,3.0,3.0,3.0,2.0,5.0,1.0,2.0,9.0,4.0,10.0,1.0,1.0,3.0,2.0,2.0,2.0,2.25
1.0,3.0,3.0,4.0,3.0,2.0,8.0,8.0,3.0,4.0,4.0,8.0,5.0,2.0,3.0,2.0,2.0,1.0,2.0,1.75
4.0,3.0,1.0,4.0,2.0,1.0,10.0,5.0,6.0,8.0,10.0,5.0,10.0,1.0,1.0,2.0,4.0,1.0,3.0,2.5
1.0,3.0,4.0,4.0,4.0,1.0,10.0,10.0,10.0,10.0,10.0,3.0,1.0,2.0,2.0,2.0,1.0,1.0,1.0,1.25
2.0,3.0,3.0,3.0,3.0,4.0,5.0,5.0,6.0,6.0,7.0,5.0,6.0,1.0,1.0,2.0,2.0,2.0,2.0,2.0
1.0,1.0,2.0,3.0,2.0,3.0,6.0,5.0,2.0,6.0,6.0,9.0,10.0,1.0,1.0,4.0,3.0,2.0,3.0,3.0
4.0,4.0,4.0,4.0,4.0,4.0,9.0,8.0,7.0,8.0,8.0,1.0,1.0,3.0,2.0,1.0,1.0,1.0,1.0,1.0
1.0,3.0,3.0,3.0,3.0,3.0,5.0,6.0,5.0,5.0,9.0,8.0,10.0,1.0,1.0,2.0,2.0,2.0,2.0,2.0
2.0,3.0,3.0,4.0,4.0,3.0,10.0,10.0,5.0,7.0,6.0,7.0,10.0,1.0,1.0,2.0,2.0,1.0,1.0,1.5
1.0,4.0,4.0,4.0,4.0,2.0,5.0,5.0,6.0,6.0,6.0,5.0,6.0,2.0,1.0,1.0,1.0,1.0,1.0,1.0
2.0,2.0,3.0,3.0,3.0,2.0,9.0,9.0,7.0,8.0,8.0,7.0,7.0,1.0,3.0,3.0,2.0,2.0,2.0,2.25
2.0,3.0,3.0,4.0,3.0,3.0,10.0,8.0,4.0,8.0,10.0,10.0,2.0,1.0,1.0,2.0,2.0,1.0,2.0,1.75
2.0,3.0,3.0,3.0,3.0,2.0,5.0,8.0,1.0,4.0,5.0,7.0,10.0,1.0,1.0,2.0,2.0,2.0,2.0,2.0
1.0,1.0,2.0,3.0,3.0,2.0,5.0,6.0,5.0,5.0,8.0,7.0,9.0,1.0,1.0,4.0,3.0,2.0,2.0,2.75
1.0,3.0,3.0,4.0,3.0,2.0,8.0,8.0,5.0,6.0,7.0,6.0,10.0,1.0,2.0,2.0,2.0,1.0,2.0,1.75
1.0,2.0,3.0,3.0,3.0,2.0,7.0,8.0,3.0,4.0,8.0,8.0,7.0,1.0,1.0,3.0,2.0,2.0,2.0,2.25
1.0,3.0,3.0,3.0,3.0,3.0,5.0,5.0,6.0,6.0,7.0,4.0,10.0,1.0,1.0,2.0,2.0,2.0,2.0,2.0
2.0,3.0,3.0,4.0,3.0,3.0,8.0,8.0,5.0,5.0,7.0,6.0,2.0,1.0,3.0,2.0,2.0,1.0,2.0,1.75
4.0,4.0,4.0,4.0,4.0,1.0,8.0,8.0,3.0,8.0,10.0,8.0,1.0,3.0,3.0,1.0,1.0,1.0,1.0,1.0
1.0,2.0,3.0,4.0,4.0,2.0,6.0,7.0,2.0,7.0,10.0,6.0,10.0,2.0,3.0,3.0,2.0,1.0,1.0,1.75
1.0,4.0,4.0,4.0,3.0,1.0,5.0,5.0,6.0,6.0,6.0,5.0,4.0,3.0,3.0,1.0,1.0,1.0,2.0,1.25
2.0,3.0,2.0,4.0,3.0,2.0,5.0,7.0,6.0,5.0,8.0,7.0,10.0,1.0,1.0,2.0,3.0,1.0,2.0,2.0
1.0,2.0,1.0,3.0,1.0,1.0,10.0,10.0,6.0,6.0,10.0,5.0,5.0,1.0,2.0,3.0,4.0,2.0,4.0,3.25
1.0,1.0,1.0,1.0,2.0,2.0,5.0,4.0,7.0,6.0,7.0,7.0,9.0,1.0,1.0,4.0,4.0,4.0,3.0,3.75
2.0,2.0,3.0,3.0,3.0,2.0,7.0,6.0,5.0,6.0,6.0,6.0,10.0,2.0,,3.0,2.0,2.0,2.0,2.25
3.0,3.0,3.0,3.0,,2.0,5.0,2.0,2.0,2.0,6.0,1.0,9.0,,,2.0,2.0,2.0,,
2.0,2.0,2.0,2.0,3.0,2.0,8.0,8.0,3.0,,8.0,9.0,5.0,,,3.0,3.0,3.0,2.0,2.75
4.0,3.0,3.0,3.0,3.0,2.0,10.0,10.0,10.0,10.0,10.0,10.0,10.0,,,2.0,2.0,2.0,2.0,2.0
3.0,3.0,3.0,3.0,2.0,2.0,7.0,8.0,2.0,4.0,10.0,8.0,5.0,2.0,1.0,2.0,2.0,2.0,3.0,2.25
2.0,4.0,3.0,4.0,3.0,2.0,7.0,8.0,1.0,4.0,5.0,5.0,8.0,2.0,2.0,1.0,2.0,1.0,2.0,1.5
2.0,3.0,2.0,3.0,2.0,3.0,8.0,8.0,4.0,6.0,7.0,3.0,3.0,1.0,2.0,2.0,3.0,2.0,3.0,2.5
1.0,3.0,3.0,4.0,3.0,2.0,2.0,2.0,9.0,9.0,9.0,2.0,10.0,2.0,1.0,2.0,2.0,1.0,2.0,1.75
1.0,3.0,4.0,3.0,3.0,3.0,8.0,8.0,3.0,3.0,8.0,7.0,6.0,1.0,1.0,2.0,1.0,2.0,2.0,1.75
1.0,4.0,3.0,4.0,3.0,2.0,10.0,10.0,9.0,9.0,9.0,8.0,,1.0,1.0,1.0,2.0,1.0,2.0,1.5
2.0,3.0,3.0,3.0,3.0,3.0,8.0,8.0,5.0,5.0,7.0,8.0,8.0,,,2.0,2.0,2.0,2.0,2.0
1.0,4.0,3.0,4.0,4.0,2.0,8.0,8.0,9.0,9.0,7.0,4.0,2.0,3.0,2.0,1.0,2.0,1.0,1.0,1.25
3.0,1.0,4.0,4.0,4.0,1.0,6.0,6.0,5.0,1.0,7.0,5.0,1.0,1.0,1.0,4.0,1.0,1.0,1.0,1.75
2.0,3.0,2.0,3.0,3.0,3.0,8.0,7.0,3.0,4.0,8.0,7.0,10.0,2.0,3.0,2.0,3.0,2.0,2.0,2.25
2.0,2.0,4.0,4.0,4.0,2.0,8.0,9.0,2.0,5.0,8.0,7.0,9.0,1.0,1.0,3.0,1.0,1.0,1.0,1.5
1.0,4.0,3.0,4.0,3.0,1.0,10.0,10.0,10.0,10.0,10.0,5.0,1.0,1.0,1.0,1.0,2.0,1.0,2.0,1.5
1.0,3.0,2.0,3.0,3.0,1.0,8.0,9.0,3.0,5.0,4.0,9.0,8.0,1.0,1.0,2.0,3.0,2.0,2.0,2.25
2.0,2.0,2.0,2.0,2.0,2.0,8.0,8.0,5.0,4.0,8.0,8.0,10.0,1.0,1.0,3.0,3.0,3.0,3.0,3.0
2.0,2.0,2.0,2.0,2.0,2.0,9.0,9.0,2.0,3.0,10.0,8.0,10.0,2.0,2.0,3.0,3.0,3.0,3.0,3.0
2.0,2.0,1.0,2.0,3.0,3.0,8.0,7.0,4.0,3.0,3.0,7.0,10.0,1.0,2.0,3.0,4.0,3.0,2.0,3.0
2.0,2.0,2.0,2.0,2.0,2.0,8.0,8.0,3.0,4.0,9.0,9.0,7.0,2.0,3.0,3.0,3.0,3.0,3.0,3.0
2.0,3.0,3.0,3.0,3.0,2.0,8.0,8.0,3.0,3.0,9.0,6.0,10.0,2.0,2.0,2.0,2.0,2.0,2.0,2.0
1.0,2.0,3.0,4.0,3.0,4.0,10.0,10.0,,,9.0,2.0,10.0,1.0,1.0,3.0,2.0,1.0,2.0,2.0
2.0,3.0,4.0,4.0,4.0,1.0,4.0,7.0,3.0,3.0,1.0,4.0,10.0,1.0,1.0,2.0,1.0,1.0,1.0,1.25
2.0,3.0,2.0,3.0,3.0,3.0,9.0,9.0,3.0,1.0,7.0,10.0,9.0,1.0,1.0,2.0,3.0,2.0,2.0,2.25
1.0,3.0,4.0,3.0,3.0,2.0,6.0,8.0,8.0,8.0,7.0,8.0,5.0,,,2.0,1.0,2.0,2.0,1.75
3.0,3.0,3.0,4.0,4.0,4.0,10.0,8.0,10.0,3.0,8.0,8.0,3.0,1.0,1.0,2.0,2.0,1.0,1.0,1.5
2.0,2.0,2.0,3.0,3.0,2.0,7.0,7.0,4.0,5.0,5.0,8.0,5.0,1.0,1.0,3.0,3.0,2.0,2.0,2.5
2.0,3.0,4.0,4.0,4.0,2.0,8.0,2.0,3.0,5.0,6.0,6.0,8.0,2.0,2.0,2.0,1.0,1.0,1.0,1.25
2.0,4.0,4.0,4.0,4.0,4.0,10.0,10.0,3.0,3.0,6.0,6.0,5.0,2.0,2.0,1.0,1.0,1.0,1.0,1.0
2.0,2.0,2.0,2.0,3.0,2.0,10.0,10.0,1.0,1.0,3.0,8.0,5.0,1.0,1.0,3.0,3.0,3.0,2.0,2.75
2.0,3.0,3.0,3.0,3.0,2.0,8.0,8.0,5.0,4.0,8.0,7.0,8.0,1.0,1.0,2.0,2.0,2.0,2.0,2.0
2.0,2.0,2.0,2.0,3.0,2.0,10.0,10.0,3.0,3.0,3.0,7.0,10.0,2.0,2.0,3.0,3.0,3.0,2.0,2.75
2.0,3.0,2.0,3.0,3.0,3.0,8.0,8.0,7.0,6.0,7.0,3.0,5.0,,,2.0,3.0,2.0,2.0,2.25
3.0,2.0,3.0,3.0,4.0,2.0,10.0,5.0,1.0,1.0,10.0,10.0,8.0,2.0,2.0,3.0,2.0,2.0,1.0,2.0
1.0,2.0,3.0,2.0,3.0,3.0,8.0,8.0,6.0,6.0,6.0,6.0,2.0,2.0,1.0,3.0,2.0,3.0,2.0,2.5
2.0,3.0,4.0,4.0,4.0,2.0,9.0,9.0,8.0,8.0,8.0,8.0,8.0,,,2.0,1.0,1.0,1.0,1.25
2.0,2.0,3.0,4.0,4.0,1.0,10.0,10.0,3.0,1.0,10.0,8.0,8.0,2.0,2.0,3.0,2.0,1.0,1.0,1.75
2.0,4.0,2.0,4.0,4.0,1.0,8.0,8.0,4.0,4.0,3.0,8.0,8.0,1.0,1.0,1.0,3.0,1.0,1.0,1.5
1.0,2.0,2.0,3.0,3.0,3.0,8.0,9.0,6.0,7.0,9.0,7.0,7.0,1.0,1.0,3.0,3.0,2.0,2.0,2.5
2.0,3.0,3.0,3.0,3.0,3.0,4.0,8.0,5.0,5.0,7.0,8.0,1.0,1.0,1.0,2.0,2.0,2.0,2.0,2.0
2.0,2.0,2.0,3.0,3.0,2.0,7.0,4.0,10.0,3.0,10.0,7.0,1.0,1.0,2.0,3.0,3.0,2.0,2.0,2.5
3.0,2.0,1.0,3.0,2.0,2.0,10.0,7.0,6.0,10.0,10.0,5.0,5.0,2.0,1.0,3.0,4.0,2.0,3.0,3.0
1.0,3.0,3.0,3.0,3.0,3.0,4.0,4.0,6.0,6.0,7.0,4.0,10.0,1.0,2.0,2.0,2.0,2.0,2.0,2.0
2.0,2.0,3.0,4.0,4.0,2.0,8.0,8.0,3.0,3.0,8.0,7.0,8.0,3.0,1.0,3.0,2.0,1.0,1.0,1.75
3.0,4.0,4.0,4.0,4.0,3.0,7.0,8.0,4.0,4.0,8.0,8.0,4.0,1.0,1.0,1.0,1.0,1.0,1.0,1.0
2.0,3.0,3.0,4.0,3.0,2.0,10.0,10.0,6.0,4.0,9.0,7.0,5.0,2.0,2.0,2.0,2.0,1.0,2.0,1.75
1.0,1.0,2.0,2.0,2.0,2.0,9.0,9.0,3.0,4.0,6.0,6.0,10.0,1.0,2.0,4.0,3.0,3.0,3.0,3.25
1.0,2.0,3.0,3.0,3.0,2.0,10.0,10.0,3.0,3.0,10.0,10.0,5.0,1.0,1.0,3.0,2.0,2.0,2.0,2.25
1.0,2.0,2.0,3.0,3.0,1.0,8.0,7.0,7.0,7.0,8.0,7.0,10.0,1.0,1.0,3.0,3.0,2.0,2.0,2.5
2.0,3.0,3.0,3.0,3.0,1.0,8.0,8.0,6.0,6.0,7.0,9.0,10.0,1.0,1.0,2.0,2.0,2.0,2.0,2.0
2.0,3.0,4.0,4.0,3.0,1.0,9.0,9.0,2.0,3.0,2.0,9.0,10.0,1.0,1.0,2.0,1.0,1.0,2.0,1.5
1.0,3.0,3.0,4.0,3.0,3.0,8.0,7.0,5.0,6.0,6.0,6.0,5.0,1.0,1.0,2.0,2.0,1.0,2.0,1.75
2.0,3.0,2.0,4.0,2.0,1.0,6.0,5.0,3.0,6.0,7.0,8.0,10.0,1.0,1.0,2.0,3.0,1.0,3.0,2.25
2.0,2.0,3.0,3.0,3.0,3.0,10.0,10.0,10.0,10.0,10.0,10.0,6.0,2.0,1.0,3.0,2.0,2.0,2.0,2.25
2.0,2.0,2.0,2.0,2.0,2.0,8.0,8.0,4.0,3.0,5.0,7.0,7.0,1.0,1.0,3.0,3.0,3.0,3.0,3.0
2.0,3.0,3.0,3.0,3.0,3.0,7.0,7.0,5.0,6.0,9.0,8.0,3.0,1.0,1.0,2.0,2.0,2.0,2.0,2.0
2.0,3.0,2.0,3.0,2.0,2.0,6.0,6.0,7.0,8.0,9.0,4.0,7.0,1.0,1.0,2.0,3.0,2.0,3.0,2.5
2.0,3.0,3.0,3.0,3.0,3.0,9.0,9.0,4.0,8.0,9.0,9.0,6.0,1.0,1.0,2.0,2.0,2.0,2.0,2.0
2.0,3.0,3.0,2.0,3.0,2.0,10.0,9.0,4.0,4.0,4.0,8.0,6.0,1.0,1.0,2.0,2.0,3.0,2.0,2.25
2.0,2.0,2.0,3.0,2.0,2.0,7.0,6.0,3.0,5.0,9.0,8.0,7.0,2.0,2.0,3.0,3.0,2.0,3.0,2.75
1.0,3.0,2.0,3.0,3.0,1.0,5.0,8.0,4.0,4.0,8.0,7.0,10.0,1.0,2.0,2.0,3.0,2.0,2.0,2.25
2.0,2.0,1.0,3.0,3.0,3.0,6.0,8.0,5.0,4.0,10.0,7.0,9.0,1.0,1.0,3.0,4.0,2.0,2.0,2.75
2.0,2.0,3.0,3.0,3.0,3.0,7.0,6.0,8.0,5.0,8.0,7.0,10.0,1.0,1.0,3.0,2.0,2.0,2.0,2.25
3.0,3.0,3.0,3.0,3.0,2.0,8.0,7.0,8.0,6.0,9.0,5.0,7.0,1.0,2.0,2.0,2.0,2.0,2.0,2.0
2.0,1.0,2.0,3.0,3.0,3.0,6.0,5.0,5.0,6.0,8.0,4.0,9.0,1.0,1.0,4.0,3.0,2.0,2.0,2.75
2.0,4.0,2.0,2.0,2.0,2.0,8.0,8.0,5.0,4.0,8.0,4.0,7.0,1.0,2.0,1.0,3.0,3.0,3.0,2.5
2.0,2.0,2.0,2.0,2.0,2.0,9.0,10.0,2.0,3.0,7.0,8.0,10.0,,1.0,3.0,3.0,3.0,3.0,3.0
2.0,3.0,3.0,3.0,3.0,2.0,7.0,5.0,2.0,5.0,6.0,4.0,7.0,1.0,2.0,2.0,2.0,2.0,2.0,2.0
3.0,2.0,4.0,4.0,4.0,3.0,6.0,4.0,6.0,6.0,5.0,6.0,5.0,3.0,2.0,3.0,1.0,1.0,1.0,1.5
1.0,2.0,3.0,3.0,3.0,2.0,9.0,9.0,6.0,5.0,5.0,9.0,10.0,1.0,2.0,3.0,2.0,2.0,2.0,2.25
2.0,3.0,2.0,4.0,3.0,3.0,9.0,7.0,6.0,6.0,10.0,8.0,8.0,1.0,1.0,2.0,3.0,1.0,2.0,2.0
2.0,,,4.0,4.0,4.0,8.0,4.0,10.0,,10.0,2.0,3.0,2.0,2.0,,,1.0,1.0,
2.0,3.0,3.0,4.0,4.0,2.0,7.0,7.0,8.0,6.0,8.0,5.0,5.0,3.0,3.0,2.0,2.0,1.0,1.0,1.5
1.0,2.0,2.0,3.0,2.0,2.0,8.0,8.0,3.0,3.0,8.0,8.0,6.0,1.0,1.0,3.0,3.0,2.0,3.0,2.75
1.0,2.0,3.0,3.0,3.0,2.0,5.0,6.0,6.0,5.0,5.0,6.0,1.0,1.0,1.0,3.0,2.0,2.0,2.0,2.25
4.0,2.0,1.0,3.0,2.0,2.0,3.0,8.0,4.0,3.0,8.0,1.0,7.0,,,3.0,4.0,2.0,3.0,3.0
2.0,2.0,2.0,4.0,3.0,4.0,10.0,10.0,4.0,5.0,1.0,10.0,8.0,2.0,1.0,3.0,3.0,1.0,2.0,2.25
3.0,3.0,2.0,3.0,3.0,1.0,9.0,8.0,3.0,2.0,3.0,7.0,1.0,1.0,1.0,2.0,3.0,2.0,2.0,2.25
1.0,3.0,3.0,3.0,3.0,2.0,7.0,8.0,7.0,5.0,4.0,8.0,7.0,1.0,1.0,2.0,2.0,2.0,2.0,2.0
1.0,4.0,4.0,4.0,4.0,3.0,8.0,5.0,9.0,6.0,10.0,8.0,10.0,1.0,2.0,1.0,1.0,1.0,1.0,1.0
2.0,2.0,3.0,2.0,3.0,2.0,8.0,9.0,2.0,5.0,7.0,2.0,6.0,2.0,2.0,3.0,2.0,3.0,2.0,2.5
2.0,3.0,3.0,3.0,2.0,3.0,10.0,10.0,9.0,8.0,10.0,10.0,9.0,3.0,3.0,2.0,2.0,2.0,3.0,2.25
2.0,3.0,3.0,4.0,3.0,2.0,9.0,8.0,2.0,3.0,8.0,6.0,5.0,1.0,2.0,2.0,2.0,1.0,2.0,1.75
1.0,1.0,4.0,4.0,4.0,3.0,8.0,8.0,4.0,3.0,1.0,10.0,2.0,1.0,1.0,4.0,1.0,1.0,1.0,1.75
1.0,3.0,3.0,4.0,3.0,2.0,8.0,8.0,8.0,9.0,10.0,6.0,3.0,2.0,2.0,2.0,2.0,1.0,2.0,1.75
2.0,2.0,2.0,4.0,3.0,2.0,7.0,6.0,2.0,2.0,7.0,7.0,9.0,1.0,1.0,3.0,3.0,1.0,2.0,2.25
1.0,3.0,3.0,3.0,3.0,1.0,5.0,6.0,8.0,6.0,8.0,6.0,10.0,1.0,1.0,2.0,2.0,2.0,2.0,2.0
1.0,3.0,3.0,3.0,3.0,1.0,10.0,10.0,5.0,3.0,10.0,7.0,10.0,1.0,2.0,2.0,2.0,2.0,2.0,2.0
2.0,3.0,3.0,3.0,3.0,3.0,8.0,8.0,9.0,9.0,3.0,6.0,1.0,2.0,1.0,2.0,2.0,2.0,2.0,2.0
1.0,3.0,4.0,4.0,4.0,2.0,8.0,8.0,10.0,9.0,9.0,8.0,4.0,2.0,2.0,2.0,1.0,1.0,1.0,1.25
1.0,3.0,3.0,3.0,3.0,2.0,6.0,8.0,,6.0,7.0,,10.0,2.0,2.0,2.0,2.0,2.0,2.0,2.0
2.0,2.0,1.0,3.0,2.0,2.0,10.0,10.0,8.0,7.0,10.0,10.0,10.0,1.0,1.0,3.0,4.0,2.0,3.0,3.0
1.0,4.0,3.0,3.0,2.0,3.0,10.0,10.0,4.0,2.0,10.0,8.0,7.0,1.0,1.0,1.0,2.0,2.0,3.0,2.0
2.0,3.0,1.0,4.0,3.0,3.0,5.0,5.0,6.0,6.0,6.0,5.0,5.0,1.0,1.0,2.0,4.0,1.0,2.0,2.25
1.0,3.0,2.0,4.0,4.0,2.0,1.0,1.0,10.0,10.0,10.0,1.0,5.0,1.0,1.0,2.0,3.0,1.0,1.0,1.75
1.0,4.0,4.0,4.0,4.0,2.0,5.0,5.0,6.0,6.0,6.0,5.0,5.0,1.0,1.0,1.0,1.0,1.0,1.0,1.0
2.0,3.0,3.0,3.0,3.0,2.0,5.0,5.0,6.0,6.0,6.0,5.0,5.0,1.0,1.0,2.0,2.0,2.0,2.0,2.0
,3.0,1.0,1.0,,,,,,,,,,1.0,1.0,2.0,4.0,4.0,,
2.0,3.0,2.0,3.0,2.0,2.0,5.0,5.0,6.0,6.0,6.0,5.0,5.0,1.0,2.0,2.0,3.0,2.0,3.0,2.5
1.0,3.0,3.0,3.0,2.0,2.0,5.0,5.0,6.0,6.0,6.0,5.0,5.0,2.0,3.0,2.0,2.0,2.0,3.0,2.25
2.0,3.0,3.0,3.0,3.0,2.0,5.0,5.0,6.0,6.0,6.0,5.0,5.0,3.0,3.0,2.0,2.0,2.0,2.0,2.0
2.0,3.0,3.0,3.0,3.0,2.0,5.0,5.0,6.0,6.0,6.0,5.0,5.0,1.0,1.0,2.0,2.0,2.0,2.0,2.0
2.0,3.0,3.0,3.0,3.0,2.0,5.0,5.0,6.0,6.0,6.0,5.0,5.0,1.0,1.0,2.0,2.0,2.0,2.0,2.0
3.0,3.0,3.0,3.0,3.0,3.0,5.0,5.0,6.0,6.0,6.0,5.0,10.0,3.0,3.0,2.0,2.0,2.0,2.0,2.0
1.0,3.0,3.0,3.0,3.0,3.0,5.0,5.0,6.0,6.0,6.0,5.0,5.0,3.0,,2.0,2.0,2.0,2.0,2.0
2.0,3.0,3.0,3.0,3.0,2.0,5.0,5.0,6.0,6.0,6.0,5.0,5.0,1.0,1.0,2.0,2.0,2.0,2.0,2.0
1.0,2.0,4.0,4.0,4.0,2.0,5.0,5.0,6.0,6.0,6.0,5.0,5.0,,,3.0,1.0,1.0,1.0,1.5
2.0,2.0,1.0,2.0,2.0,1.0,5.0,5.0,6.0,6.0,6.0,8.0,10.0,1.0,1.0,3.0,4.0,3.0,3.0,3.25
2.0,3.0,2.0,3.0,3.0,3.0,5.0,5.0,6.0,6.0,6.0,5.0,5.0,1.0,1.0,2.0,3.0,2.0,2.0,2.25
2.0,3.0,3.0,3.0,3.0,3.0,5.0,5.0,6.0,6.0,6.0,5.0,7.0,1.0,1.0,2.0,2.0,2.0,2.0,2.0
1.0,2.0,3.0,3.0,3.0,3.0,6.0,8.0,1.0,5.0,5.0,6.0,10.0,1.0,2.0,3.0,2.0,2.0,2.0,2.25
1.0,3.0,4.0,4.0,4.0,3.0,5.0,5.0,4.0,6.0,8.0,9.0,9.0,1.0,2.0,2.0,1.0,1.0,1.0,1.25
1.0,2.0,3.0,3.0,3.0,3.0,5.0,5.0,6.0,5.0,6.0,5.0,10.0,,2.0,3.0,2.0,2.0,2.0,2.25
2.0,2.0,3.0,3.0,3.0,2.0,5.0,5.0,6.0,6.0,6.0,7.0,10.0,1.0,1.0,3.0,2.0,2.0,2.0,2.25
2.0,3.0,3.0,3.0,3.0,3.0,7.0,7.0,6.0,6.0,9.0,5.0,7.0,,,2.0,2.0,2.0,2.0,2.0
2.0,3.0,3.0,3.0,3.0,2.0,9.0,9.0,4.0,8.0,8.0,7.0,10.0,1.0,1.0,2.0,2.0,2.0,2.0,2.0
2.0,3.0,2.0,3.0,3.0,2.0,7.0,5.0,2.0,2.0,9.0,5.0,4.0,1.0,1.0,2.0,3.0,2.0,2.0,2.25
2.0,2.0,3.0,3.0,3.0,3.0,5.0,5.0,6.0,6.0,8.0,7.0,7.0,1.0,,3.0,2.0,2.0,2.0,2.25
3.0,3.0,3.0,3.0,3.0,2.0,7.0,7.0,4.0,4.0,8.0,7.0,5.0,1.0,1.0,2.0,2.0,2.0,2.0,2.0
2.0,3.0,4.0,4.0,4.0,1.0,8.0,8.0,6.0,8.0,10.0,8.0,10.0,1.0,2.0,2.0,1.0,1.0,1.0,1.25
3.0,3.0,3.0,3.0,3.0,3.0,7.0,7.0,8.0,3.0,8.0,4.0,8.0,1.0,1.0,2.0,2.0,2.0,2.0,2.0
2.0,2.0,2.0,2.0,2.0,2.0,8.0,8.0,4.0,4.0,9.0,7.0,8.0,1.0,1.0,3.0,3.0,3.0,3.0,3.0
2.0,2.0,2.0,2.0,2.0,2.0,8.0,7.0,5.0,4.0,7.0,6.0,7.0,1.0,1.0,3.0,3.0,3.0,3.0,3.0
2.0,2.0,2.0,2.0,2.0,2.0,8.0,7.0,3.0,3.0,8.0,7.0,8.0,1.0,1.0,3.0,3.0,3.0,3.0,3.0
2.0,2.0,2.0,2.0,2.0,2.0,7.0,7.0,5.0,4.0,9.0,7.0,2.0,2.0,2.0,3.0,3.0,3.0,3.0,3.0
3.0,2.0,2.0,2.0,2.0,2.0,8.0,8.0,4.0,3.0,7.0,7.0,1.0,1.0,1.0,3.0,3.0,3.0,3.0,3.0
2.0,2.0,2.0,2.0,2.0,2.0,8.0,8.0,4.0,3.0,10.0,10.0,8.0,2.0,2.0,3.0,3.0,3.0,3.0,3.0
2.0,2.0,2.0,2.0,2.0,2.0,8.0,6.0,4.0,4.0,7.0,7.0,3.0,1.0,1.0,3.0,3.0,3.0,3.0,3.0
3.0,2.0,2.0,2.0,2.0,2.0,6.0,6.0,4.0,3.0,6.0,6.0,7.0,1.0,1.0,3.0,3.0,3.0,3.0,3.0
2.0,3.0,3.0,3.0,2.0,3.0,8.0,8.0,4.0,4.0,9.0,8.0,8.0,2.0,2.0,2.0,2.0,2.0,3.0,2.25
2.0,2.0,3.0,3.0,3.0,3.0,8.0,7.0,3.0,3.0,9.0,8.0,10.0,1.0,1.0,3.0,2.0,2.0,2.0,2.25
2.0,2.0,2.0,2.0,2.0,2.0,8.0,7.0,3.0,4.0,9.0,9.0,5.0,1.0,1.0,3.0,3.0,3.0,3.0,3.0
2.0,2.0,2.0,2.0,2.0,2.0,10.0,10.0,3.0,2.0,10.0,10.0,6.0,2.0,2.0,3.0,3.0,3.0,3.0,3.0
2.0,2.0,2.0,2.0,2.0,2.0,8.0,8.0,3.0,2.0,8.0,9.0,8.0,1.0,1.0,3.0,3.0,3.0,3.0,3.0
2.0,2.0,2.0,2.0,2.0,2.0,9.0,9.0,3.0,2.0,9.0,8.0,7.0,2.0,2.0,3.0,3.0,3.0,3.0,3.0
1.0,4.0,2.0,3.0,2.0,2.0,10.0,10.0,6.0,6.0,10.0,5.0,,1.0,1.0,1.0,3.0,2.0,3.0,2.25
2.0,2.0,3.0,3.0,3.0,2.0,5.0,5.0,6.0,6.0,6.0,7.0,8.0,1.0,1.0,3.0,2.0,2.0,2.0,2.25
2.0,2.0,2.0,2.0,2.0,2.0,5.0,5.0,6.0,6.0,6.0,5.0,5.0,1.0,1.0,3.0,3.0,3.0,3.0,3.0
1.0,3.0,3.0,3.0,3.0,2.0,5.0,5.0,6.0,6.0,6.0,5.0,8.0,1.0,1.0,2.0,2.0,2.0,2.0,2.0
2.0,3.0,3.0,3.0,3.0,2.0,8.0,9.0,4.0,3.0,3.0,9.0,2.0,2.0,1.0,2.0,2.0,2.0,2.0,2.0
2.0,3.0,2.0,3.0,3.0,2.0,5.0,5.0,6.0,6.0,6.0,5.0,10.0,,,2.0,3.0,2.0,2.0,2.25
2.0,2.0,3.0,3.0,3.0,2.0,5.0,5.0,6.0,6.0,6.0,6.0,5.0,1.0,1.0,3.0,2.0,2.0,2.0,2.25
2.0,3.0,,3.0,3.0,2.0,6.0,7.0,4.0,5.0,8.0,5.0,8.0,1.0,1.0,2.0,,2.0,2.0,
2.0,3.0,3.0,3.0,3.0,3.0,5.0,5.0,6.0,6.0,6.0,5.0,10.0,1.0,1.0,2.0,2.0,2.0,2.0,2.0
2.0,3.0,3.0,3.0,3.0,2.0,5.0,5.0,6.0,6.0,6.0,6.0,8.0,1.0,1.0,2.0,2.0,2.0,2.0,2.0
2.0,3.0,3.0,3.0,3.0,2.0,4.0,5.0,4.0,3.0,7.0,3.0,10.0,1.0,1.0,2.0,2.0,2.0,2.0,2.0
3.0,3.0,3.0,4.0,4.0,1.0,7.0,8.0,3.0,1.0,6.0,7.0,8.0,1.0,1.0,2.0,2.0,1.0,1.0,1.5
2.0,2.0,3.0,3.0,3.0,3.0,5.0,7.0,9.0,3.0,5.0,5.0,10.0,1.0,1.0,3.0,2.0,2.0,2.0,2.25
1.0,2.0,3.0,3.0,3.0,2.0,7.0,7.0,6.0,5.0,8.0,8.0,7.0,1.0,1.0,3.0,2.0,2.0,2.0,2.25
2.0,2.0,3.0,3.0,3.0,2.0,8.0,2.0,4.0,4.0,10.0,7.0,7.0,1.0,1.0,3.0,2.0,2.0,2.0,2.25
2.0,2.0,2.0,2.0,2.0,2.0,8.0,8.0,3.0,3.0,8.0,8.0,6.0,1.0,1.0,3.0,3.0,3.0,3.0,3.0
2.0,3.0,2.0,3.0,3.0,2.0,8.0,8.0,3.0,2.0,9.0,10.0,10.0,1.0,1.0,2.0,3.0,2.0,2.0,2.25
2.0,2.0,3.0,3.0,3.0,2.0,8.0,6.0,5.0,6.0,9.0,1.0,5.0,1.0,1.0,3.0,2.0,2.0,2.0,2.25
2.0,3.0,3.0,3.0,3.0,2.0,6.0,6.0,6.0,6.0,6.0,7.0,7.0,1.0,1.0,2.0,2.0,2.0,2.0,2.0
2.0,2.0,2.0,2.0,2.0,2.0,8.0,8.0,3.0,3.0,6.0,9.0,6.0,1.0,1.0,3.0,3.0,3.0,3.0,3.0
2.0,3.0,2.0,2.0,2.0,2.0,6.0,6.0,4.0,6.0,7.0,6.0,10.0,1.0,1.0,2.0,3.0,3.0,3.0,2.75
2.0,3.0,3.0,3.0,3.0,3.0,8.0,3.0,3.0,2.0,9.0,7.0,10.0,3.0,3.0,2.0,2.0,2.0,2.0,2.0
2.0,3.0,3.0,3.0,3.0,2.0,8.0,8.0,4.0,4.0,8.0,8.0,5.0,1.0,1.0,2.0,2.0,2.0,2.0,2.0
2.0,3.0,3.0,3.0,3.0,3.0,10.0,10.0,7.0,8.0,8.0,7.0,10.0,1.0,1.0,2.0,2.0,2.0,2.0,2.0
2.0,3.0,1.0,4.0,2.0,2.0,9.0,8.0,3.0,3.0,3.0,8.0,2.0,1.0,1.0,2.0,4.0,1.0,3.0,2.5
3.0,4.0,4.0,4.0,4.0,2.0,10.0,10.0,10.0,9.0,10.0,6.0,2.0,2.0,3.0,1.0,1.0,1.0,1.0,1.0
1.0,3.0,3.0,4.0,3.0,4.0,8.0,7.0,8.0,5.0,9.0,4.0,3.0,2.0,2.0,2.0,2.0,1.0,2.0,1.75
2.0,3.0,4.0,4.0,4.0,2.0,8.0,6.0,2.0,4.0,6.0,8.0,4.0,1.0,1.0,2.0,1.0,1.0,1.0,1.25
2.0,3.0,3.0,4.0,2.0,3.0,8.0,8.0,3.0,8.0,10.0,4.0,9.0,1.0,1.0,2.0,2.0,1.0,3.0,2.0
2.0,2.0,3.0,3.0,3.0,3.0,5.0,8.0,3.0,3.0,9.0,9.0,10.0,1.0,1.0,3.0,2.0,2.0,2.0,2.25
2.0,3.0,3.0,3.0,3.0,3.0,10.0,10.0,10.0,10.0,10.0,10.0,1.0,2.0,2.0,2.0,2.0,2.0,2.0,2.0
2.0,2.0,2.0,3.0,2.0,2.0,8.0,6.0,3.0,6.0,5.0,6.0,5.0,1.0,1.0,3.0,3.0,2.0,3.0,2.75
2.0,3.0,3.0,1.0,3.0,2.0,9.0,9.0,3.0,7.0,5.0,8.0,8.0,1.0,1.0,2.0,2.0,4.0,2.0,2.5
2.0,3.0,3.0,3.0,3.0,2.0,7.0,8.0,5.0,5.0,8.0,5.0,6.0,1.0,1.0,2.0,2.0,2.0,2.0,2.0
2.0,3.0,3.0,3.0,3.0,2.0,9.0,9.0,2.0,4.0,5.0,9.0,6.0,1.0,1.0,2.0,2.0,2.0,2.0,2.0
2.0,2.0,3.0,3.0,3.0,2.0,6.0,6.0,5.0,5.0,6.0,5.0,6.0,1.0,1.0,3.0,2.0,2.0,2.0,2.25
2.0,3.0,3.0,3.0,3.0,2.0,7.0,5.0,4.0,6.0,9.0,7.0,10.0,1.0,1.0,2.0,2.0,2.0,2.0,2.0
1.0,1.0,3.0,3.0,3.0,1.0,7.0,7.0,2.0,6.0,6.0,7.0,10.0,1.0,1.0,4.0,2.0,2.0,2.0,2.5
1.0,2.0,3.0,3.0,3.0,3.0,9.0,9.0,5.0,3.0,3.0,9.0,10.0,1.0,2.0,3.0,2.0,2.0,2.0,2.25
2.0,3.0,3.0,3.0,2.0,2.0,8.0,8.0,6.0,6.0,9.0,8.0,7.0,2.0,2.0,2.0,2.0,2.0,3.0,2.25
2.0,3.0,3.0,3.0,3.0,2.0,8.0,8.0,3.0,3.0,5.0,8.0,8.0,1.0,1.0,2.0,2.0,2.0,2.0,2.0
1.0,3.0,3.0,3.0,3.0,2.0,8.0,8.0,3.0,3.0,9.0,8.0,2.0,1.0,1.0,2.0,2.0,2.0,2.0,2.0
2.0,3.0,4.0,4.0,4.0,1.0,9.0,9.0,6.0,6.0,8.0,5.0,7.0,1.0,1.0,2.0,1.0,1.0,1.0,1.25
2.0,3.0,3.0,3.0,3.0,2.0,8.0,8.0,3.0,6.0,3.0,8.0,7.0,1.0,1.0,2.0,2.0,2.0,2.0,2.0
3.0,3.0,3.0,2.0,3.0,,8.0,7.0,8.0,8.0,8.0,7.0,3.0,1.0,1.0,2.0,2.0,3.0,2.0,2.25
2.0,1.0,4.0,4.0,4.0,2.0,7.0,7.0,5.0,6.0,8.0,6.0,10.0,3.0,2.0,4.0,1.0,1.0,1.0,1.75
2.0,3.0,3.0,3.0,3.0,2.0,8.0,8.0,3.0,6.0,6.0,7.0,5.0,1.0,1.0,2.0,2.0,2.0,2.0,2.0
2.0,3.0,3.0,3.0,3.0,3.0,10.0,10.0,1.0,1.0,1.0,10.0,1.0,1.0,2.0,2.0,2.0,2.0,2.0,2.0
1.0,1.0,1.0,3.0,3.0,3.0,8.0,8.0,7.0,7.0,7.0,9.0,8.0,1.0,1.0,4.0,4.0,2.0,2.0,3.0
2.0,3.0,2.0,3.0,3.0,2.0,8.0,8.0,3.0,9.0,8.0,7.0,3.0,1.0,1.0,2.0,3.0,2.0,2.0,2.25
2.0,3.0,3.0,3.0,3.0,2.0,8.0,7.0,5.0,4.0,8.0,8.0,8.0,1.0,1.0,2.0,2.0,2.0,2.0,2.0
2.0,2.0,2.0,2.0,3.0,3.0,8.0,8.0,3.0,4.0,6.0,7.0,5.0,1.0,1.0,3.0,3.0,3.0,2.0,2.75
1.0,1.0,3.0,4.0,2.0,3.0,8.0,8.0,5.0,6.0,8.0,8.0,10.0,2.0,2.0,4.0,2.0,1.0,3.0,2.5
2.0,3.0,3.0,4.0,4.0,2.0,10.0,5.0,10.0,1.0,1.0,10.0,10.0,2.0,2.0,2.0,2.0,1.0,1.0,1.5
2.0,3.0,3.0,3.0,3.0,3.0,7.0,8.0,4.0,1.0,3.0,7.0,7.0,1.0,,2.0,2.0,2.0,2.0,2.0
1.0,3.0,3.0,3.0,3.0,2.0,10.0,10.0,8.0,8.0,10.0,7.0,9.0,3.0,3.0,2.0,2.0,2.0,2.0,2.0
2.0,3.0,3.0,3.0,3.0,3.0,8.0,7.0,3.0,4.0,8.0,7.0,7.0,2.0,,2.0,2.0,2.0,2.0,2.0
2.0,3.0,3.0,3.0,3.0,3.0,10.0,10.0,6.0,4.0,7.0,7.0,5.0,1.0,1.0,2.0,2.0,2.0,2.0,2.0
2.0,3.0,3.0,3.0,3.0,3.0,8.0,8.0,3.0,3.0,7.0,6.0,9.0,2.0,2.0,2.0,2.0,2.0,2.0,2.0
2.0,3.0,3.0,3.0,3.0,2.0,8.0,8.0,4.0,5.0,4.0,8.0,10.0,,,2.0,2.0,2.0,2.0,2.0
2.0,4.0,2.0,3.0,3.0,3.0,7.0,7.0,7.0,7.0,7.0,6.0,5.0,,,1.0,3.0,2.0,2.0,2.0
1.0,2.0,4.0,4.0,4.0,1.0,9.0,8.0,9.0,9.0,8.0,6.0,2.0,2.0,2.0,3.0,1.0,1.0,1.0,1.5
3.0,3.0,3.0,3.0,3.0,3.0,8.0,10.0,10.0,3.0,10.0,6.0,1.0,3.0,3.0,2.0,2.0,2.0,2.0,2.0
2.0,2.0,3.0,3.0,2.0,2.0,8.0,8.0,6.0,6.0,6.0,7.0,10.0,2.0,2.0,3.0,2.0,2.0,3.0,2.5
3.0,2.0,3.0,4.0,4.0,4.0,8.0,8.0,1.0,5.0,10.0,1.0,1.0,1.0,1.0,3.0,2.0,1.0,1.0,1.75
2.0,4.0,3.0,3.0,2.0,2.0,8.0,8.0,5.0,6.0,8.0,8.0,4.0,1.0,1.0,1.0,2.0,2.0,3.0,2.0
2.0,3.0,2.0,4.0,3.0,2.0,9.0,8.0,3.0,5.0,9.0,8.0,1.0,1.0,1.0,2.0,3.0,1.0,2.0,2.0
3.0,2.0,2.0,4.0,3.0,1.0,6.0,8.0,6.0,4.0,10.0,3.0,3.0,1.0,1.0,3.0,3.0,1.0,2.0,2.25
1.0,2.0,1.0,3.0,2.0,2.0,4.0,10.0,4.0,3.0,9.0,10.0,10.0,1.0,1.0,3.0,4.0,2.0,3.0,3.0
2.0,3.0,2.0,3.0,3.0,3.0,6.0,4.0,1.0,1.0,3.0,7.0,4.0,1.0,1.0,2.0,3.0,2.0,2.0,2.25
1.0,3.0,3.0,2.0,3.0,3.0,8.0,8.0,5.0,3.0,8.0,5.0,5.0,2.0,2.0,2.0,2.0,3.0,2.0,2.25
2.0,1.0,2.0,3.0,2.0,2.0,5.0,8.0,1.0,3.0,9.0,7.0,10.0,1.0,1.0,4.0,3.0,2.0,3.0,3.0
2.0,3.0,2.0,3.0,,3.0,9.0,9.0,8.0,8.0,8.0,8.0,10.0,1.0,1.0,2.0,3.0,2.0,,
2.0,2.0,,4.0,3.0,2.0,8.0,10.0,4.0,5.0,10.0,2.0,10.0,,,3.0,,1.0,2.0,
2.0,3.0,3.0,4.0,3.0,2.0,6.0,5.0,4.0,4.0,8.0,8.0,8.0,1.0,1.0,2.0,2.0,1.0,2.0,1.75
4.0,4.0,2.0,4.0,2.0,3.0,10.0,4.0,1.0,3.0,10.0,9.0,10.0,1.0,1.0,1.0,3.0,1.0,3.0,2.0
2.0,3.0,2.0,3.0,2.0,1.0,6.0,9.0,1.0,4.0,9.0,8.0,10.0,1.0,1.0,2.0,3.0,2.0,3.0,2.5
2.0,3.0,3.0,3.0,3.0,2.0,9.0,9.0,9.0,6.0,10.0,6.0,3.0,2.0,1.0,2.0,2.0,2.0,2.0,2.0
3.0,2.0,2.0,4.0,2.0,2.0,8.0,8.0,4.0,4.0,9.0,8.0,7.0,1.0,1.0,3.0,3.0,1.0,3.0,2.5
2.0,3.0,3.0,3.0,3.0,2.0,8.0,7.0,3.0,5.0,3.0,6.0,9.0,3.0,2.0,2.0,2.0,2.0,2.0,2.0
2.0,4.0,4.0,4.0,4.0,1.0,8.0,7.0,1.0,4.0,7.0,7.0,10.0,2.0,2.0,1.0,1.0,1.0,1.0,1.0
1.0,3.0,2.0,3.0,3.0,3.0,5.0,5.0,8.0,8.0,10.0,10.0,10.0,1.0,2.0,2.0,3.0,2.0,2.0,2.25
2.0,2.0,2.0,3.0,3.0,3.0,6.0,6.0,5.0,5.0,6.0,8.0,10.0,1.0,2.0,3.0,3.0,2.0,2.0,2.5
2.0,2.0,2.0,2.0,2.0,2.0,7.0,9.0,9.0,8.0,3.0,8.0,10.0,1.0,1.0,3.0,3.0,3.0,3.0,3.0
2.0,3.0,3.0,3.0,3.0,2.0,9.0,9.0,9.0,7.0,9.0,7.0,3.0,3.0,2.0,2.0,2.0,2.0,2.0,2.0
2.0,3.0,3.0,3.0,3.0,2.0,7.0,8.0,4.0,4.0,6.0,5.0,8.0,1.0,1.0,2.0,2.0,2.0,2.0,2.0
2.0,2.0,2.0,4.0,4.0,1.0,9.0,10.0,3.0,5.0,6.0,7.0,10.0,1.0,2.0,3.0,3.0,1.0,1.0,2.0
2.0,3.0,3.0,2.0,3.0,2.0,6.0,8.0,4.0,3.0,4.0,8.0,5.0,1.0,1.0,2.0,2.0,3.0,2.0,2.25
2.0,2.0,2.0,3.0,3.0,2.0,6.0,6.0,5.0,6.0,6.0,6.0,10.0,1.0,1.0,3.0,3.0,2.0,2.0,2.5
1.0,2.0,2.0,3.0,3.0,2.0,10.0,10.0,5.0,5.0,5.0,10.0,9.0,1.0,1.0,3.0,3.0,2.0,2.0,2.5
2.0,2.0,2.0,2.0,3.0,2.0,6.0,8.0,5.0,6.0,6.0,5.0,8.0,1.0,,3.0,3.0,3.0,2.0,2.75
1.0,2.0,2.0,3.0,2.0,2.0,6.0,7.0,4.0,5.0,8.0,9.0,6.0,,,3.0,3.0,2.0,3.0,2.75
1.0,2.0,3.0,3.0,3.0,3.0,7.0,8.0,4.0,6.0,8.0,8.0,5.0,1.0,1.0,3.0,2.0,2.0,2.0,2.25
1.0,3.0,3.0,3.0,3.0,3.0,10.0,10.0,1.0,1.0,6.0,5.0,1.0,1.0,1.0,2.0,2.0,2.0,2.0,2.0
2.0,3.0,2.0,1.0,1.0,2.0,7.0,7.0,5.0,4.0,5.0,7.0,6.0,1.0,1.0,2.0,3.0,4.0,4.0,3.25
2.0,4.0,4.0,4.0,4.0,2.0,6.0,6.0,5.0,4.0,6.0,6.0,10.0,1.0,,1.0,1.0,1.0,1.0,1.0
1.0,3.0,3.0,1.0,2.0,2.0,5.0,5.0,6.0,6.0,6.0,5.0,5.0,1.0,1.0,2.0,2.0,4.0,3.0,2.75
2.0,3.0,2.0,2.0,2.0,2.0,5.0,5.0,6.0,6.0,6.0,5.0,8.0,1.0,1.0,2.0,3.0,3.0,3.0,2.75
2.0,3.0,3.0,3.0,3.0,2.0,8.0,8.0,4.0,5.0,10.0,7.0,6.0,1.0,1.0,2.0,2.0,2.0,2.0,2.0
2.0,4.0,3.0,4.0,4.0,3.0,6.0,6.0,3.0,4.0,8.0,6.0,8.0,2.0,1.0,1.0,2.0,1.0,1.0,1.25
1.0,3.0,3.0,3.0,3.0,3.0,9.0,9.0,9.0,9.0,9.0,8.0,2.0,3.0,3.0,2.0,2.0,2.0,2.0,2.0
3.0,3.0,3.0,3.0,3.0,2.0,5.0,8.0,8.0,6.0,8.0,9.0,2.0,1.0,1.0,2.0,2.0,2.0,2.0,2.0
2.0,3.0,3.0,4.0,2.0,4.0,5.0,5.0,6.0,6.0,7.0,4.0,1.0,1.0,1.0,2.0,2.0,1.0,3.0,2.0
2.0,2.0,3.0,3.0,3.0,2.0,9.0,9.0,3.0,5.0,6.0,7.0,10.0,1.0,1.0,3.0,2.0,2.0,2.0,2.25
3.0,3.0,2.0,3.0,2.0,2.0,10.0,9.0,3.0,1.0,10.0,8.0,2.0,1.0,1.0,2.0,3.0,2.0,3.0,2.5
2.0,3.0,3.0,3.0,1.0,3.0,5.0,6.0,5.0,1.0,1.0,10.0,10.0,,2.0,2.0,2.0,2.0,4.0,2.5
1.0,3.0,3.0,3.0,3.0,2.0,5.0,10.0,6.0,,5.0,8.0,,1.0,1.0,2.0,2.0,2.0,2.0,2.0
2.0,3.0,4.0,4.0,4.0,2.0,8.0,8.0,6.0,6.0,9.0,6.0,3.0,1.0,1.0,2.0,1.0,1.0,1.0,1.25
2.0,1.0,2.0,3.0,3.0,1.0,10.0,10.0,1.0,1.0,10.0,7.0,10.0,1.0,2.0,4.0,3.0,2.0,2.0,2.75
2.0,2.0,,3.0,2.0,3.0,6.0,6.0,1.0,1.0,8.0,8.0,10.0,1.0,1.0,3.0,,2.0,3.0,
2.0,1.0,2.0,1.0,3.0,3.0,4.0,1.0,8.0,9.0,4.0,2.0,4.0,1.0,1.0,4.0,3.0,4.0,2.0,3.25
3.0,3.0,2.0,4.0,2.0,1.0,7.0,7.0,8.0,8.0,10.0,8.0,10.0,1.0,3.0,2.0,3.0,1.0,3.0,2.25
2.0,3.0,3.0,3.0,3.0,2.0,4.0,4.0,8.0,1.0,9.0,5.0,10.0,1.0,1.0,2.0,2.0,2.0,2.0,2.0
2.0,3.0,3.0,3.0,3.0,2.0,10.0,10.0,2.0,4.0,8.0,9.0,9.0,1.0,1.0,2.0,2.0,2.0,2.0,2.0
3.0,3.0,1.0,3.0,3.0,3.0,7.0,7.0,4.0,4.0,8.0,7.0,7.0,2.0,2.0,2.0,4.0,2.0,2.0,2.5
2.0,2.0,2.0,3.0,2.0,2.0,7.0,6.0,5.0,7.0,5.0,4.0,8.0,1.0,1.0,3.0,3.0,2.0,3.0,2.75
3.0,3.0,2.0,3.0,3.0,3.0,7.0,4.0,3.0,4.0,4.0,4.0,1.0,1.0,1.0,2.0,3.0,2.0,2.0,2.25
1.0,2.0,3.0,4.0,3.0,1.0,10.0,10.0,3.0,5.0,8.0,7.0,10.0,1.0,1.0,3.0,2.0,1.0,2.0,2.0
2.0,3.0,2.0,2.0,3.0,2.0,10.0,10.0,2.0,8.0,8.0,8.0,8.0,1.0,1.0,2.0,3.0,3.0,2.0,2.5
2.0,3.0,1.0,2.0,1.0,1.0,9.0,2.0,2.0,1.0,9.0,9.0,5.0,1.0,1.0,2.0,4.0,3.0,4.0,3.25
2.0,1.0,3.0,3.0,3.0,2.0,8.0,8.0,6.0,6.0,8.0,7.0,10.0,1.0,1.0,4.0,2.0,2.0,2.0,2.5
2.0,3.0,1.0,4.0,2.0,4.0,7.0,8.0,6.0,5.0,8.0,7.0,1.0,1.0,1.0,2.0,4.0,1.0,3.0,2.5
2.0,2.0,3.0,3.0,1.0,2.0,8.0,8.0,10.0,6.0,4.0,7.0,7.0,1.0,3.0,3.0,2.0,2.0,4.0,2.75
2.0,3.0,1.0,2.0,2.0,2.0,5.0,5.0,6.0,6.0,6.0,5.0,10.0,1.0,1.0,2.0,4.0,3.0,3.0,3.0
1.0,2.0,3.0,3.0,3.0,3.0,10.0,10.0,7.0,6.0,8.0,8.0,1.0,1.0,1.0,3.0,2.0,2.0,2.0,2.25
2.0,2.0,2.0,2.0,2.0,2.0,5.0,7.0,6.0,6.0,6.0,5.0,6.0,1.0,1.0,3.0,3.0,3.0,3.0,3.0
1.0,3.0,1.0,1.0,3.0,3.0,8.0,8.0,10.0,10.0,10.0,8.0,1.0,2.0,2.0,2.0,4.0,4.0,2.0,3.0
3.0,2.0,3.0,3.0,3.0,2.0,5.0,5.0,6.0,6.0,6.0,5.0,1.0,1.0,1.0,3.0,2.0,2.0,2.0,2.25
1.0,4.0,4.0,4.0,4.0,2.0,9.0,9.0,6.0,8.0,9.0,8.0,7.0,1.0,2.0,1.0,1.0,1.0,1.0,1.0
2.0,2.0,4.0,4.0,4.0,3.0,6.0,6.0,7.0,6.0,7.0,7.0,7.0,1.0,1.0,3.0,1.0,1.0,1.0,1.5
1.0,3.0,3.0,1.0,3.0,3.0,8.0,8.0,9.0,5.0,4.0,8.0,7.0,2.0,2.0,2.0,2.0,4.0,2.0,2.5
1.0,2.0,3.0,3.0,3.0,4.0,10.0,10.0,10.0,10.0,10.0,10.0,6.0,,,3.0,2.0,2.0,2.0,2.25
2.0,3.0,3.0,4.0,4.0,2.0,8.0,9.0,5.0,4.0,6.0,8.0,6.0,1.0,1.0,2.0,2.0,1.0,1.0,1.5
1.0,3.0,3.0,3.0,3.0,2.0,8.0,9.0,4.0,5.0,4.0,8.0,3.0,1.0,3.0,2.0,2.0,2.0,2.0,2.0
2.0,3.0,4.0,4.0,4.0,4.0,6.0,4.0,1.0,5.0,6.0,1.0,10.0,1.0,1.0,2.0,1.0,1.0,1.0,1.25
1.0,3.0,3.0,3.0,3.0,3.0,7.0,8.0,4.0,4.0,8.0,6.0,6.0,,,2.0,2.0,2.0,2.0,2.0
2.0,2.0,3.0,3.0,3.0,3.0,10.0,9.0,2.0,2.0,5.0,7.0,10.0,,,3.0,2.0,2.0,2.0,2.25
3.0,1.0,,1.0,2.0,3.0,10.0,10.0,3.0,2.0,6.0,6.0,10.0,1.0,1.0,4.0,,4.0,3.0,
2.0,4.0,2.0,4.0,4.0,4.0,8.0,10.0,6.0,6.0,10.0,4.0,8.0,2.0,2.0,1.0,3.0,1.0,1.0,1.5
2.0,3.0,3.0,4.0,3.0,2.0,8.0,8.0,7.0,8.0,9.0,7.0,7.0,2.0,2.0,2.0,2.0,1.0,2.0,1.75
2.0,3.0,2.0,3.0,2.0,2.0,7.0,7.0,4.0,4.0,5.0,8.0,10.0,1.0,1.0,2.0,3.0,2.0,3.0,2.5
3.0,3.0,4.0,4.0,4.0,3.0,6.0,6.0,5.0,5.0,7.0,7.0,8.0,1.0,1.0,2.0,1.0,1.0,1.0,1.25
2.0,2.0,2.0,4.0,4.0,2.0,9.0,10.0,9.0,10.0,9.0,6.0,10.0,2.0,1.0,3.0,3.0,1.0,1.0,2.0
3.0,4.0,4.0,4.0,4.0,4.0,10.0,10.0,10.0,10.0,10.0,5.0,1.0,3.0,3.0,1.0,1.0,1.0,1.0,1.0
2.0,2.0,3.0,3.0,3.0,3.0,2.0,3.0,3.0,4.0,3.0,5.0,5.0,3.0,3.0,3.0,2.0,2.0,2.0,2.25
1.0,2.0,1.0,2.0,3.0,3.0,2.0,2.0,8.0,6.0,1.0,9.0,10.0,1.0,1.0,3.0,4.0,3.0,2.0,3.0
2.0,3.0,3.0,3.0,3.0,2.0,8.0,5.0,1.0,5.0,4.0,5.0,10.0,3.0,3.0,2.0,2.0,2.0,2.0,2.0
1.0,4.0,4.0,4.0,4.0,4.0,6.0,4.0,2.0,5.0,9.0,8.0,7.0,1.0,1.0,1.0,1.0,1.0,1.0,1.0
2.0,2.0,2.0,2.0,3.0,2.0,8.0,8.0,3.0,9.0,8.0,9.0,3.0,1.0,1.0,3.0,3.0,3.0,2.0,2.75
3.0,3.0,4.0,4.0,4.0,4.0,9.0,8.0,8.0,7.0,8.0,5.0,10.0,1.0,1.0,2.0,1.0,1.0,1.0,1.25
2.0,,,3.0,3.0,1.0,9.0,9.0,2.0,2.0,8.0,9.0,10.0,1.0,3.0,,,2.0,2.0,
1.0,3.0,3.0,3.0,3.0,2.0,5.0,5.0,6.0,6.0,6.0,5.0,5.0,1.0,1.0,2.0,2.0,2.0,2.0,2.0
2.0,3.0,3.0,3.0,3.0,2.0,5.0,5.0,6.0,6.0,6.0,5.0,5.0,,,2.0,2.0,2.0,2.0,2.0
2.0,3.0,3.0,3.0,3.0,2.0,5.0,5.0,6.0,6.0,6.0,5.0,5.0,1.0,1.0,2.0,2.0,2.0,2.0,2.0
2.0,3.0,3.0,3.0,3.0,2.0,5.0,5.0,6.0,6.0,6.0,5.0,5.0,2.0,2.0,2.0,2.0,2.0,2.0,2.0
1.0,3.0,3.0,3.0,3.0,2.0,5.0,5.0,6.0,6.0,6.0,5.0,5.0,1.0,1.0,2.0,2.0,2.0,2.0,2.0
1.0,3.0,3.0,3.0,3.0,2.0,5.0,5.0,6.0,6.0,6.0,5.0,5.0,,,2.0,2.0,2.0,2.0,2.0
2.0,3.0,3.0,3.0,3.0,2.0,5.0,5.0,6.0,6.0,6.0,5.0,5.0,1.0,1.0,2.0,2.0,2.0,2.0,2.0
2.0,3.0,3.0,3.0,3.0,2.0,5.0,5.0,6.0,6.0,6.0,5.0,5.0,1.0,2.0,2.0,2.0,2.0,2.0,2.0
2.0,2.0,3.0,4.0,4.0,4.0,5.0,7.0,6.0,6.0,7.0,,5.0,1.0,1.0,3.0,2.0,1.0,1.0,1.75
,3.0,1.0,3.0,1.0,2.0,8.0,10.0,,,10.0,10.0,8.0,1.0,1.0,2.0,4.0,2.0,4.0,3.0
2.0,3.0,3.0,3.0,3.0,2.0,7.0,7.0,10.0,7.0,4.0,7.0,10.0,2.0,2.0,2.0,2.0,2.0,2.0,2.0
3.0,2.0,2.0,3.0,3.0,3.0,5.0,5.0,6.0,6.0,6.0,5.0,8.0,1.0,1.0,3.0,3.0,2.0,2.0,2.5
1.0,2.0,3.0,4.0,4.0,3.0,7.0,7.0,8.0,8.0,8.0,8.0,1.0,2.0,3.0,3.0,2.0,1.0,1.0,1.75
1.0,3.0,3.0,3.0,3.0,2.0,8.0,8.0,8.0,6.0,10.0,8.0,8.0,2.0,2.0,2.0,2.0,2.0,2.0,2.0
1.0,3.0,2.0,2.0,3.0,2.0,6.0,5.0,6.0,5.0,3.0,6.0,8.0,1.0,1.0,2.0,3.0,3.0,2.0,2.5
1.0,3.0,3.0,3.0,3.0,3.0,5.0,5.0,5.0,5.0,5.0,6.0,10.0,1.0,1.0,2.0,2.0,2.0,2.0,2.0
2.0,3.0,3.0,3.0,3.0,2.0,5.0,5.0,6.0,6.0,6.0,5.0,7.0,1.0,1.0,2.0,2.0,2.0,2.0,2.0
2.0,3.0,3.0,3.0,2.0,3.0,5.0,5.0,6.0,6.0,4.0,8.0,5.0,1.0,1.0,2.0,2.0,2.0,3.0,2.25
1.0,1.0,1.0,4.0,4.0,1.0,5.0,5.0,6.0,6.0,1.0,10.0,1.0,1.0,1.0,4.0,4.0,1.0,1.0,2.5
1.0,2.0,2.0,2.0,2.0,2.0,7.0,9.0,8.0,7.0,4.0,7.0,10.0,2.0,2.0,3.0,3.0,3.0,3.0,3.0
1.0,1.0,3.0,3.0,3.0,3.0,6.0,6.0,8.0,8.0,2.0,8.0,9.0,1.0,1.0,4.0,2.0,2.0,2.0,2.5
1.0,3.0,1.0,3.0,1.0,1.0,6.0,6.0,6.0,6.0,6.0,5.0,8.0,1.0,1.0,2.0,4.0,2.0,4.0,3.0
1.0,4.0,3.0,3.0,3.0,1.0,6.0,5.0,9.0,6.0,8.0,5.0,2.0,2.0,1.0,1.0,2.0,2.0,2.0,1.75
2.0,2.0,2.0,2.0,2.0,2.0,5.0,5.0,6.0,6.0,6.0,5.0,8.0,,,3.0,3.0,3.0,3.0,3.0
1.0,1.0,1.0,1.0,3.0,1.0,6.0,5.0,6.0,6.0,8.0,6.0,8.0,1.0,1.0,4.0,4.0,4.0,2.0,3.5
2.0,2.0,2.0,2.0,2.0,2.0,8.0,8.0,3.0,3.0,9.0,8.0,1.0,1.0,2.0,3.0,3.0,3.0,3.0,3.0
2.0,2.0,2.0,2.0,2.0,2.0,9.0,9.0,3.0,2.0,10.0,9.0,1.0,2.0,3.0,3.0,3.0,3.0,3.0,3.0
1.0,2.0,2.0,2.0,2.0,2.0,9.0,9.0,4.0,3.0,10.0,9.0,1.0,2.0,2.0,3.0,3.0,3.0,3.0,3.0
1.0,2.0,3.0,3.0,3.0,2.0,8.0,9.0,4.0,4.0,10.0,9.0,8.0,1.0,1.0,3.0,2.0,2.0,2.0,2.25
3.0,2.0,2.0,2.0,2.0,2.0,10.0,10.0,3.0,2.0,10.0,10.0,10.0,1.0,1.0,3.0,3.0,3.0,3.0,3.0
1.0,4.0,4.0,4.0,4.0,2.0,5.0,5.0,6.0,6.0,6.0,5.0,5.0,3.0,3.0,1.0,1.0,1.0,1.0,1.0
1.0,4.0,4.0,4.0,4.0,2.0,5.0,5.0,6.0,6.0,6.0,5.0,5.0,3.0,3.0,1.0,1.0,1.0,1.0,1.0
1.0,4.0,4.0,4.0,4.0,2.0,5.0,5.0,6.0,6.0,6.0,5.0,5.0,1.0,1.0,1.0,1.0,1.0,1.0,1.0
1.0,4.0,4.0,4.0,4.0,2.0,5.0,5.0,6.0,6.0,6.0,5.0,5.0,2.0,2.0,1.0,1.0,1.0,1.0,1.0
1.0,4.0,4.0,4.0,4.0,2.0,5.0,5.0,6.0,6.0,6.0,5.0,5.0,3.0,3.0,1.0,1.0,1.0,1.0,1.0
2.0,4.0,4.0,4.0,4.0,2.0,5.0,5.0,6.0,6.0,6.0,5.0,5.0,1.0,1.0,1.0,1.0,1.0,1.0,1.0
2.0,3.0,3.0,3.0,3.0,3.0,9.0,9.0,6.0,7.0,7.0,8.0,10.0,2.0,3.0,2.0,2.0,2.0,2.0,2.0
2.0,3.0,3.0,3.0,3.0,1.0,8.0,8.0,3.0,4.0,9.0,8.0,10.0,1.0,1.0,2.0,2.0,2.0,2.0,2.0
2.0,3.0,3.0,3.0,3.0,2.0,8.0,8.0,9.0,9.0,9.0,9.0,10.0,1.0,1.0,2.0,2.0,2.0,2.0,2.0
2.0,3.0,3.0,2.0,2.0,2.0,8.0,8.0,3.0,3.0,10.0,7.0,10.0,1.0,1.0,2.0,2.0,3.0,3.0,2.5
2.0,3.0,3.0,2.0,2.0,1.0,8.0,8.0,3.0,3.0,10.0,7.0,10.0,1.0,1.0,2.0,2.0,3.0,3.0,2.5
1.0,3.0,3.0,3.0,3.0,1.0,8.0,8.0,3.0,3.0,10.0,7.0,7.0,1.0,1.0,2.0,2.0,2.0,2.0,2.0
2.0,2.0,,2.0,2.0,1.0,8.0,8.0,6.0,4.0,9.0,7.0,10.0,1.0,1.0,3.0,,3.0,3.0,
2.0,3.0,4.0,4.0,4.0,2.0,7.0,4.0,6.0,,10.0,8.0,1.0,1.0,1.0,2.0,1.0,1.0,1.0,1.25
1.0,1.0,4.0,4.0,4.0,1.0,4.0,4.0,3.0,3.0,8.0,1.0,10.0,2.0,1.0,4.0,1.0,1.0,1.0,1.75
2.0,4.0,4.0,3.0,4.0,2.0,8.0,8.0,3.0,4.0,10.0,7.0,6.0,1.0,1.0,1.0,1.0,2.0,1.0,1.25
1.0,3.0,3.0,4.0,4.0,2.0,10.0,10.0,10.0,6.0,10.0,2.0,5.0,2.0,2.0,2.0,2.0,1.0,1.0,1.5
3.0,4.0,4.0,4.0,4.0,1.0,5.0,1.0,2.0,6.0,10.0,3.0,10.0,1.0,1.0,1.0,1.0,1.0,1.0,1.0
2.0,2.0,1.0,3.0,3.0,2.0,9.0,9.0,2.0,3.0,9.0,6.0,9.0,1.0,,3.0,4.0,2.0,2.0,2.75
2.0,1.0,3.0,3.0,3.0,2.0,8.0,8.0,3.0,3.0,4.0,7.0,7.0,1.0,1.0,4.0,2.0,2.0,2.0,2.5
2.0,3.0,2.0,2.0,2.0,2.0,6.0,7.0,6.0,6.0,3.0,6.0,5.0,1.0,,2.0,3.0,3.0,3.0,2.75
2.0,3.0,2.0,3.0,3.0,2.0,4.0,4.0,1.0,2.0,6.0,5.0,5.0,1.0,1.0,2.0,3.0,2.0,2.0,2.25
2.0,2.0,2.0,3.0,3.0,2.0,10.0,10.0,2.0,2.0,8.0,6.0,10.0,1.0,1.0,3.0,3.0,2.0,2.0,2.5
